0.17404,1.2337,0.037673,-0.83881,-0.0516,1.0323,0.20868
0.17404,1.2337,0.037673,-0.83881,-0.0516,1.0323,0.20868
0.17404,1.2337,0.037673,-0.83881,-0.0516,1.0323,0.20868
0.17404,1.2337,0.037673,-0.83881,-0.0516,1.0323,0.20868
0.17221,1.2331,0.038192,-0.84012,-0.05017,1.0412,0.20897
0.17221,1.2331,0.038192,-0.84012,-0.05017,1.0412,0.20897
0.17221,1.2331,0.038192,-0.84012,-0.05017,1.0412,0.20897
0.17221,1.2331,0.038192,-0.84012,-0.05017,1.0412,0.20897
0.17221,1.2331,0.038192,-0.84012,-0.05017,1.0412,0.20897
0.17037,1.2331,0.038044,-0.84205,-0.049637,1.0465,0.20868
0.17037,1.2331,0.038044,-0.84205,-0.049637,1.0465,0.20868
0.17037,1.2331,0.038044,-0.84205,-0.049637,1.0465,0.20868
0.17037,1.2331,0.038044,-0.84205,-0.049637,1.0465,0.20868
0.17037,1.2331,0.038044,-0.84205,-0.049637,1.0465,0.20868
0.16882,1.2323,0.038155,-0.84355,-0.049269,1.0509,0.20775
0.16882,1.2323,0.038155,-0.84355,-0.049269,1.0509,0.20775
0.16882,1.2323,0.038155,-0.84355,-0.049269,1.0509,0.20775
0.1676,1.2314,0.038515,-0.84474,-0.04893,1.0543,0.20652
0.1676,1.2314,0.038515,-0.84474,-0.04893,1.0543,0.20652
0.16655,1.2309,0.03889,-0.84566,-0.048653,1.0568,0.20529
0.16655,1.2309,0.03889,-0.84566,-0.048653,1.0568,0.20529
0.16553,1.2305,0.039133,-0.84652,-0.048467,1.0586,0.2042
0.16553,1.2305,0.039133,-0.84652,-0.048467,1.0586,0.2042
0.16513,1.2309,0.039286,-0.8472,-0.048267,1.0594,0.20392
0.1641,1.2299,0.03949,-0.84789,-0.048167,1.0608,0.20273
0.16409,1.2302,0.03969,-0.84814,-0.047985,1.061,0.2027
0.16313,1.2296,0.039672,-0.84899,-0.048035,1.0619,0.2017
0.16253,1.2293,0.040144,-0.85021,-0.047837,1.0628,0.20055
0.16164,1.2285,0.040372,-0.85112,-0.047683,1.0631,0.1996
0.16121,1.2282,0.040701,-0.85234,-0.047558,1.0632,0.19877
0.16063,1.2277,0.040658,-0.85325,-0.04758,1.0631,0.19829
0.16025,1.2272,0.040893,-0.85465,-0.047461,1.0631,0.19773
0.15972,1.2267,0.040831,-0.85577,-0.047486,1.0629,0.19734
0.15916,1.2257,0.04119,-0.85865,-0.04727,1.0631,0.19656
0.15871,1.2248,0.041057,-0.85935,-0.047348,1.0623,0.19631
0.15835,1.2243,0.041258,-0.8617,-0.047233,1.062,0.19585
0.15777,1.2231,0.041256,-0.86398,-0.047219,1.0615,0.1954
0.15741,1.2221,0.041386,-0.86607,-0.047149,1.0606,0.19502
0.15699,1.2212,0.041341,-0.86797,-0.047187,1.0598,0.19471
0.1566,1.2202,0.041385,-0.87008,-0.047157,1.0589,0.19439
0.15619,1.2192,0.041378,-0.8722,-0.047169,1.058,0.19407
0.15578,1.2182,0.041403,-0.87438,-0.047153,1.057,0.19376
0.15538,1.2172,0.041404,-0.87656,-0.047161,1.056,0.19344
0.15498,1.2162,0.041417,-0.87878,-0.047156,1.055,0.19313
0.15441,1.2144,0.041611,-0.88236,-0.04698,1.0545,0.19268
0.15441,1.2144,0.041611,-0.88236,-0.04698,1.0545,0.19268
0.15373,1.2132,0.04155,-0.88511,-0.04704,1.0536,0.19212
0.15319,1.2117,0.0417,-0.88799,-0.046915,1.0524,0.19169
0.15279,1.2105,0.041699,-0.89049,-0.046957,1.0511,0.19133
0.15238,1.2093,0.041707,-0.89297,-0.046953,1.0497,0.19104
0.15199,1.2081,0.041695,-0.89546,-0.046979,1.0484,0.19074
0.15158,1.2069,0.041692,-0.89797,-0.046988,1.0471,0.19045
0.15118,1.2057,0.041685,-0.90047,-0.047007,1.0458,0.19015
0.15078,1.2045,0.04168,-0.90297,-0.047021,1.0445,0.18985
0.15037,1.2033,0.041673,-0.90547,-0.047038,1.0431,0.18955
0.14997,1.2021,0.041667,-0.90797,-0.047054,1.0418,0.18925
0.14957,1.2009,0.041661,-0.91046,-0.04707,1.0405,0.18895
0.14928,1.2002,0.041478,-0.91179,-0.047256,1.0387,0.18874
0.14876,1.1987,0.041626,-0.91532,-0.047088,1.038,0.18842
0.14848,1.1978,0.04146,-0.91671,-0.047295,1.0362,0.18814
0.14794,1.1964,0.041622,-0.9202,-0.047108,1.0355,0.18782
0.14767,1.1955,0.04145,-0.92158,-0.047327,1.0337,0.18753
0.14713,1.194,0.041613,-0.92507,-0.047137,1.0329,0.18721
0.14686,1.1931,0.04144,-0.92646,-0.047358,1.0311,0.18693
0.14632,1.1917,0.041602,-0.92993,-0.047169,1.0303,0.18661
0.14604,1.1908,0.041429,-0.93132,-0.047389,1.0285,0.18632
0.14551,1.1894,0.04159,-0.93478,-0.047202,1.0277,0.186
0.14523,1.1885,0.041418,-0.93618,-0.04742,1.026,0.18571
0.14469,1.187,0.041577,-0.93962,-0.047237,1.0251,0.18539
0.14441,1.1862,0.041407,-0.94102,-0.047453,1.0234,0.1851
0.14388,1.1847,0.041564,-0.94445,-0.047272,1.0226,0.18477
0.1436,1.1838,0.041395,-0.94585,-0.047485,1.0208,0.18449
0.14307,1.1824,0.041551,-0.94926,-0.047307,1.02,0.18416
0.14278,1.1815,0.041383,-0.95065,-0.047519,1.0182,0.18388
0.14225,1.1801,0.041538,-0.95405,-0.047344,1.0174,0.18355
0.14196,1.1792,0.041371,-0.95544,-0.047552,1.0157,0.18326
0.14143,1.1778,0.041524,-0.95882,-0.04738,1.0148,0.18293
0.14143,1.1778,0.041524,-0.95882,-0.04738,1.0148,0.18293
0.14075,1.1765,0.041413,-0.96177,-0.047502,1.0138,0.18234
0.14018,1.175,0.041578,-0.96472,-0.047359,1.0124,0.18191
0.1399,1.1742,0.041398,-0.9661,-0.047581,1.0106,0.18164
0.13937,1.1727,0.041541,-0.96958,-0.047418,1.0096,0.18131
0.14403,1.0432,0.0028322,-1.1366,-0.31619,1.0329,0.31829
0.14403,1.0432,0.0028322,-1.1366,-0.31619,1.0329,0.31829
0.14325,1.0435,0.0020608,-1.1384,-0.31645,1.0311,0.31897
0.14328,1.0423,0.0018673,-1.1413,-0.31664,1.0297,0.31945
0.14317,1.0408,0.0016168,-1.1442,-0.31686,1.0282,0.31981
0.14318,1.0396,0.0014776,-1.1456,-0.31717,1.0266,0.31995
0.1429,1.0385,0.0013231,-1.1487,-0.3172,1.0255,0.32021
0.14286,1.0371,0.0011576,-1.1503,-0.3175,1.0241,0.32031
0.14257,1.0359,0.0010657,-1.1535,-0.31748,1.023,0.32052
0.14251,1.0346,0.00089171,-1.155,-0.31779,1.0216,0.3206
0.14222,1.0334,0.00081663,-1.1581,-0.31776,1.0206,0.32079
0.14216,1.0321,0.00063941,-1.1596,-0.31806,1.0193,0.32086
0.14187,1.031,0.0005719,-1.1627,-0.31803,1.0183,0.32104
0.1418,1.0297,0.00039381,-1.1642,-0.31833,1.0169,0.3211
0.14152,1.0285,0.00033073,-1.1673,-0.31829,1.016,0.32127
0.1051,1.0189,0.032666,-1.1769,-0.28687,0.99932,0.28669
0.10441,1.0182,0.032902,-1.1782,-0.2867,0.9976,0.28631
0.10375,1.017,0.032997,-1.1814,-0.28671,0.99647,0.28575
0.10344,1.0157,0.032977,-1.1829,-0.28683,0.99507,0.28562
0.10321,1.0148,0.032945,-1.1847,-0.28695,0.9939,0.28555
0.10275,1.0134,0.032879,-1.1882,-0.2869,0.99305,0.28554
0.091311,1.0082,0.043079,-1.1938,-0.27609,0.99069,0.27574
0.091311,1.0082,0.043079,-1.1938,-0.27609,0.99069,0.27574
0.091311,1.0082,0.043079,-1.1938,-0.27609,0.99069,0.27574
0.091218,1.0083,0.042123,-1.1953,-0.27781,0.98851,0.27476
0.090684,1.0074,0.042151,-1.198,-0.27778,0.98657,0.27473
0.090378,1.0058,0.042018,-1.201,-0.27802,0.98488,0.27467
0.090206,1.0046,0.041928,-1.2024,-0.27823,0.98315,0.27474
0.08987,1.0035,0.041813,-1.2056,-0.27829,0.9819,0.27484
0.089709,1.0021,0.041673,-1.2071,-0.27853,0.98039,0.27489
0.08938,1.001,0.041596,-1.2103,-0.27854,0.97922,0.275
0.078884,0.99663,0.051033,-1.2151,-0.26856,0.97562,0.26637
0.078884,0.99663,0.051033,-1.2151,-0.26856,0.97562,0.26637
0.077864,0.99647,0.051032,-1.2171,-0.2691,0.97335,0.26489
0.076868,0.99511,0.051369,-1.2201,-0.26891,0.97154,0.26408
0.076541,0.99384,0.051373,-1.2215,-0.26913,0.96989,0.26378
0.076025,0.99269,0.051386,-1.2247,-0.2691,0.96865,0.26362
0.075786,0.9914,0.051289,-1.2262,-0.26931,0.9672,0.26355
0.075552,0.99057,0.051234,-1.228,-0.26942,0.96597,0.26354
0.075258,0.98961,0.051115,-1.2299,-0.26953,0.9649,0.26353
0.074993,0.98856,0.051045,-1.232,-0.26962,0.96387,0.26352
0.074708,0.9875,0.050952,-1.234,-0.2697,0.96285,0.26352
0.074436,0.98644,0.050877,-1.2361,-0.26979,0.96182,0.26351
0.074155,0.98538,0.05079,-1.2381,-0.26988,0.96079,0.2635
0.07388,0.98432,0.05071,-1.2402,-0.26996,0.95977,0.26349
0.062712,0.97925,0.060368,-1.2469,-0.25951,0.95851,0.2542
0.062712,0.97925,0.060368,-1.2469,-0.25951,0.95851,0.2542
0.062712,0.97925,0.060368,-1.2469,-0.25951,0.95851,0.2542
0.0625,0.97914,0.059557,-1.2475,-0.26098,0.95626,0.25332
0.061978,0.9788,0.059566,-1.2503,-0.26117,0.95438,0.25287
0.061413,0.97718,0.05955,-1.2534,-0.26123,0.95268,0.25268
0.061206,0.97592,0.059489,-1.2549,-0.26146,0.95091,0.25262
0.060941,0.97508,0.059382,-1.2567,-0.26161,0.94952,0.25262
0.060511,0.97372,0.059294,-1.2602,-0.26161,0.94842,0.25264
0.060297,0.97237,0.059185,-1.2617,-0.26182,0.9469,0.25264
0.060077,0.97154,0.059108,-1.2635,-0.26195,0.94562,0.25265
0.059786,0.97059,0.058977,-1.2655,-0.26207,0.94451,0.25266
0.05952,0.96955,0.058897,-1.2675,-0.26216,0.94344,0.25265
0.059228,0.9685,0.058799,-1.2695,-0.26226,0.94239,0.25264
0.058947,0.96744,0.05872,-1.2716,-0.26235,0.94134,0.25262
0.065026,0.96537,0.052683,-1.2748,-0.26934,0.94564,0.25624
0.065026,0.96537,0.052683,-1.2748,-0.26934,0.94564,0.25624
0.065026,0.96537,0.052683,-1.2748,-0.26934,0.94564,0.25624
0.065019,0.96506,0.051994,-1.276,-0.2694,0.94537,0.25738
0.065462,0.9644,0.051773,-1.2777,-0.26949,0.94506,0.25816
0.09959,0.96649,0.022776,-1.2762,-0.2981,0.96137,0.29002
0.09959,0.96649,0.022776,-1.2762,-0.2981,0.96137,0.29002
0.09959,0.96649,0.022776,-1.2762,-0.2981,0.96137,0.29002
0.15623,0.98149,-0.025318,-1.2635,-0.34817,0.99316,0.33915
0.15623,0.98149,-0.025318,-1.2635,-0.34817,0.99316,0.33915
0.15623,0.98149,-0.025318,-1.2635,-0.34817,0.99316,0.33915
0.17925,0.98656,-0.044649,-1.2603,-0.36775,1.0111,0.35909
0.17925,0.98656,-0.044649,-1.2603,-0.36775,1.0111,0.35909
0.17925,0.98656,-0.044649,-1.2603,-0.36775,1.0111,0.35909
0.17925,0.98656,-0.044649,-1.2603,-0.36775,1.0111,0.35909
0.17886,0.98758,-0.045051,-1.2614,-0.36775,1.0122,0.3591
0.23446,1.0087,-0.090986,-1.2451,-0.41889,1.0529,0.40139
0.23446,1.0087,-0.090986,-1.2451,-0.41889,1.0529,0.40139
0.23446,1.0087,-0.090986,-1.2451,-0.41889,1.0529,0.40139
0.23434,1.0083,-0.091513,-1.2465,-0.41805,1.0578,0.40187
0.23434,1.0083,-0.091513,-1.2465,-0.41805,1.0578,0.40187
0.25457,1.0153,-0.10799,-1.2421,-0.43598,1.0758,0.41739
-0.531,0.99321,0.10033,-1.4379,0.35362,1.1398,-0.6333
-0.531,0.99321,0.10033,-1.4379,0.35362,1.1398,-0.6333
-0.53134,0.9927,0.10168,-1.4375,0.35543,1.1394,-0.63335
-0.53134,0.9927,0.10168,-1.4375,0.35543,1.1394,-0.63335
-0.53123,0.99224,0.10322,-1.438,0.3572,1.1391,-0.63324
-0.53107,0.99154,0.10385,-1.4392,0.35807,1.1386,-0.63294
-0.55137,1.002,0.1154,-1.4343,0.38176,1.16,-0.63376
-0.55137,1.002,0.1154,-1.4343,0.38176,1.16,-0.63376
-0.61817,1.0571,0.15567,-1.3909,0.45401,1.25,-0.62788
-0.61817,1.0571,0.15567,-1.3909,0.45401,1.25,-0.62788
-0.61817,1.0571,0.15567,-1.3909,0.45401,1.25,-0.62788
-0.60941,1.0636,0.15286,-1.3752,0.44329,1.2775,-0.6176
-0.60941,1.0636,0.15286,-1.3752,0.44329,1.2775,-0.6176
-0.60941,1.0636,0.15286,-1.3752,0.44329,1.2775,-0.6176
-0.60294,1.0675,0.15138,-1.3643,0.43707,1.2952,-0.60958
-0.60294,1.0675,0.15138,-1.3643,0.43707,1.2952,-0.60958
-0.60294,1.0675,0.15138,-1.3643,0.43707,1.2952,-0.60958
-0.5998,1.0663,0.15082,-1.3612,0.43392,1.3043,-0.60547
-0.5998,1.0663,0.15082,-1.3612,0.43392,1.3043,-0.60547
-0.59678,1.0669,0.15056,-1.3577,0.43195,1.3107,-0.60172
-0.59678,1.0669,0.15056,-1.3577,0.43195,1.3107,-0.60172
-0.59403,1.0674,0.15047,-1.355,0.43029,1.3161,-0.59856
-0.59403,1.0674,0.15047,-1.355,0.43029,1.3161,-0.59856
-0.59101,1.0672,0.15051,-1.3535,0.42794,1.3211,-0.59643
-0.59101,1.0672,0.15051,-1.3535,0.42794,1.3211,-0.59643
-0.62042,1.1015,0.16547,-1.3294,0.47656,1.3738,-0.56136
-0.62042,1.1015,0.16547,-1.3294,0.47656,1.3738,-0.56136
-0.61502,1.108,0.16457,-1.3155,0.46971,1.3959,-0.55408
-0.61502,1.108,0.16457,-1.3155,0.46971,1.3959,-0.55408
-0.62919,1.1302,0.17347,-1.2965,0.4937,1.4346,-0.53409
-0.62919,1.1302,0.17347,-1.2965,0.4937,1.4346,-0.53409
-0.62447,1.1359,0.17322,-1.2846,0.48789,1.4537,-0.5282
-0.62447,1.1359,0.17322,-1.2846,0.48789,1.4537,-0.5282
-0.6228,1.1351,0.17313,-1.2817,0.48519,1.4627,-0.5255
-0.6228,1.1351,0.17313,-1.2817,0.48519,1.4627,-0.5255
-0.62035,1.1351,0.17349,-1.2789,0.48362,1.4688,-0.52259
-0.62035,1.1351,0.17349,-1.2789,0.48362,1.4688,-0.52259
-0.61755,1.1346,0.17415,-1.2774,0.48178,1.4743,-0.52046
-0.61755,1.1346,0.17415,-1.2774,0.48178,1.4743,-0.52046
-0.63998,1.168,0.18168,-1.2584,0.5361,1.5229,-0.45372
-0.63495,1.1764,0.18166,-1.2424,0.52971,1.5468,-0.44543
-0.63495,1.1764,0.18166,-1.2424,0.52971,1.5468,-0.44543
-0.63233,1.1776,0.18272,-1.2375,0.52663,1.5592,-0.44251
-0.6314,1.1783,0.18244,-1.2325,0.52454,1.5669,-0.43988
-0.62972,1.1792,0.18288,-1.2294,0.52341,1.5722,-0.43774
-0.63199,1.1954,0.17969,-1.2172,0.54815,1.5991,-0.38263
-0.63199,1.1954,0.17969,-1.2172,0.54815,1.5991,-0.38263
-0.62931,1.1968,0.181,-1.2126,0.54555,1.6124,-0.37859
-0.62859,1.1986,0.18101,-1.2066,0.54479,1.6191,-0.37531
-0.63427,1.213,0.1819,-1.1992,0.56979,1.6422,-0.33233
-0.62817,1.2134,0.18037,-1.1933,0.5622,1.6526,-0.32752
-0.62067,1.2097,0.18289,-1.1848,0.54129,1.6542,-0.35644
-0.62067,1.2097,0.18289,-1.1848,0.54129,1.6542,-0.35644
-0.61954,1.2095,0.18393,-1.1853,0.54105,1.6556,-0.35682
-0.61887,1.209,0.18465,-1.1855,0.5409,1.6567,-0.35699
-0.61854,1.2068,0.1855,-1.1855,0.54091,1.6588,-0.35673
-0.61826,1.2064,0.18577,-1.1858,0.54087,1.6595,-0.3565
-0.61777,1.2042,0.18647,-1.1862,0.54115,1.6613,-0.35542
-0.60683,1.1957,0.18184,-1.1838,0.5246,1.6583,-0.35912
-0.60629,1.1935,0.18275,-1.1856,0.52541,1.6575,-0.35907
-0.59393,1.1773,0.18093,-1.191,0.49272,1.6417,-0.3994
-0.5931,1.1735,0.18073,-1.1968,0.49436,1.6342,-0.39864
-0.59369,1.1697,0.18122,-1.2016,0.49634,1.6299,-0.39876
-0.59401,1.166,0.18157,-1.2059,0.4979,1.626,-0.39881
-0.59427,1.1626,0.18196,-1.2098,0.49941,1.6225,-0.39876
-0.59454,1.1597,0.18267,-1.2123,0.50159,1.6188,-0.39859
-0.5948,1.1559,0.18307,-1.217,0.50354,1.6147,-0.39812
-0.58431,1.1459,0.17678,-1.2182,0.48666,1.6083,-0.40037
-0.58341,1.1431,0.17732,-1.2231,0.48777,1.6044,-0.40013
-0.58354,1.1399,0.17811,-1.2258,0.4895,1.6017,-0.40004
-0.56859,1.1216,0.17265,-1.2327,0.45858,1.5829,-0.42602
-0.56764,1.117,0.1723,-1.2398,0.45868,1.5758,-0.42666
-0.56764,1.117,0.1723,-1.2398,0.45868,1.5758,-0.42666
-0.56806,1.1136,0.17359,-1.244,0.46256,1.5703,-0.42589
-0.56829,1.1096,0.17392,-1.2491,0.46426,1.5654,-0.42596
-0.56865,1.1061,0.17434,-1.2532,0.46588,1.5614,-0.42614
-0.56909,1.1033,0.17514,-1.2558,0.46838,1.5571,-0.4261
-0.56938,1.0998,0.17562,-1.2604,0.47041,1.5526,-0.4259
-0.55777,1.0896,0.16843,-1.2626,0.4536,1.5453,-0.42442
-0.5569,1.0867,0.16876,-1.2674,0.45486,1.5413,-0.42352
-0.55714,1.0841,0.16963,-1.2685,0.45686,1.5383,-0.42352
-0.55718,1.0816,0.16992,-1.2725,0.45846,1.535,-0.42286
-0.46116,1.4878,0.30705,-0.5301,0.58004,1.5268,-0.47793
-0.47224,1.5089,0.32728,-0.51421,0.60322,1.5457,-0.47342
-0.47209,1.5097,0.32682,-0.51252,0.60368,1.5497,-0.46732
-0.45591,1.497,0.30388,-0.50901,0.57773,1.5533,-0.45513
-0.45591,1.497,0.30388,-0.50901,0.57773,1.5533,-0.45513
-0.45591,1.497,0.30388,-0.50901,0.57773,1.5533,-0.45513
-0.45591,1.497,0.30388,-0.50901,0.57773,1.5533,-0.45513
-0.45591,1.497,0.30388,-0.50901,0.57773,1.5533,-0.45513
-0.4546,1.4939,0.30161,-0.51103,0.57355,1.564,-0.45423
-0.4546,1.4939,0.30161,-0.51103,0.57355,1.564,-0.45423
-0.4546,1.4939,0.30161,-0.51103,0.57355,1.564,-0.45423
-0.4546,1.4939,0.30161,-0.51103,0.57355,1.564,-0.45423
-0.4546,1.4939,0.30161,-0.51103,0.57355,1.564,-0.45423
-0.45268,1.4921,0.30071,-0.51291,0.57111,1.5704,-0.45424
-0.45268,1.4921,0.30071,-0.51291,0.57111,1.5704,-0.45424
-0.45268,1.4921,0.30071,-0.51291,0.57111,1.5704,-0.45424
-0.45255,1.4903,0.29992,-0.5143,0.56945,1.5758,-0.45387
-0.45255,1.4903,0.29992,-0.5143,0.56945,1.5758,-0.45387
-0.45255,1.4903,0.29992,-0.5143,0.56945,1.5758,-0.45387
-0.45242,1.4888,0.29955,-0.51557,0.56841,1.58,-0.45347
-0.45242,1.4888,0.29955,-0.51557,0.56841,1.58,-0.45347
-0.45236,1.4877,0.29921,-0.51664,0.56759,1.5832,-0.45308
-0.45236,1.4877,0.29921,-0.51664,0.56759,1.5832,-0.45308
-0.45179,1.4876,0.29911,-0.51738,0.56717,1.5846,-0.453
-0.46789,1.4963,0.31857,-0.52329,0.59159,1.5962,-0.4465
-0.46789,1.4963,0.31857,-0.52329,0.59159,1.5962,-0.4465
-0.46789,1.4963,0.31857,-0.52329,0.59159,1.5962,-0.4465
-0.46789,1.4963,0.31857,-0.52329,0.59159,1.5962,-0.4465
-0.46789,1.4963,0.31857,-0.52329,0.59159,1.5962,-0.4465
-0.47942,1.5069,0.33673,-0.52562,0.61072,1.6084,-0.45319
-0.47942,1.5069,0.33673,-0.52562,0.61072,1.6084,-0.45319
-0.47691,1.5057,0.33325,-0.52492,0.60895,1.612,-0.4394
-0.4673,1.4975,0.31894,-0.5229,0.5918,1.6114,-0.43669
-0.46633,1.496,0.318,-0.52367,0.59022,1.6144,-0.43574
-0.46633,1.496,0.318,-0.52367,0.59022,1.6144,-0.43574
-0.46633,1.496,0.318,-0.52367,0.59022,1.6144,-0.43574
-0.46608,1.4945,0.31768,-0.52471,0.58944,1.6176,-0.43478
-0.46608,1.4945,0.31768,-0.52471,0.58944,1.6176,-0.43478
-0.45746,1.4865,0.30664,-0.52355,0.5737,1.617,-0.44179
-0.45678,1.4843,0.30604,-0.52794,0.57225,1.6184,-0.4431
-0.45749,1.4836,0.30633,-0.52904,0.57282,1.6173,-0.44319
-0.45735,1.4813,0.30593,-0.53324,0.57186,1.6184,-0.44394
-0.4575,1.4796,0.30555,-0.5356,0.57118,1.6187,-0.44453
-0.45781,1.4782,0.30558,-0.53803,0.57112,1.6186,-0.44496
-0.45801,1.4767,0.30547,-0.54068,0.57084,1.6186,-0.44546
-0.45827,1.4752,0.30538,-0.5434,0.57059,1.6185,-0.44599
-0.45854,1.4736,0.30528,-0.5462,0.57034,1.6183,-0.44654
-0.45883,1.4719,0.3052,-0.54906,0.57011,1.6181,-0.44712
-0.45913,1.4703,0.30512,-0.55201,0.56989,1.6178,-0.44771
-0.45946,1.4685,0.30504,-0.55502,0.56969,1.6175,-0.44832
-0.4598,1.4668,0.30496,-0.55811,0.56949,1.6171,-0.44896
-0.44248,1.4463,0.27855,-0.56521,0.54036,1.6102,-0.43382
-0.44152,1.4439,0.27747,-0.56924,0.53849,1.6084,-0.43629
-0.4421,1.4419,0.27765,-0.5735,0.53875,1.6071,-0.43707
-0.44261,1.4397,0.27756,-0.57757,0.53864,1.6058,-0.43802
-0.44315,1.4375,0.27755,-0.5817,0.53864,1.6044,-0.43896
-0.44369,1.4352,0.27752,-0.58585,0.53863,1.603,-0.43991
-0.44424,1.433,0.2775,-0.59004,0.53863,1.6016,-0.44087
-0.4448,1.4308,0.27748,-0.59426,0.53865,1.6001,-0.44184
-0.44537,1.4285,0.27747,-0.5985,0.53867,1.5986,-0.44281
-0.44595,1.4262,0.27747,-0.60276,0.5387,1.597,-0.4438
-0.44653,1.424,0.27747,-0.60705,0.53874,1.5954,-0.44479
-0.44713,1.4217,0.27747,-0.61135,0.5388,1.5938,-0.44578
-0.44773,1.4194,0.27748,-0.61568,0.53886,1.5922,-0.44678
-0.44834,1.4171,0.27749,-0.62002,0.53893,1.5905,-0.44779
-0.44895,1.4147,0.27751,-0.62438,0.53901,1.5888,-0.44881
-0.44957,1.4124,0.27753,-0.62875,0.5391,1.5871,-0.44982
-0.4502,1.4101,0.27756,-0.63313,0.53919,1.5854,-0.45084
-0.44352,1.3973,0.26717,-0.64195,0.52427,1.5776,-0.45845
-0.44352,1.3973,0.26717,-0.64195,0.52427,1.5776,-0.45845
-0.44504,1.3924,0.26739,-0.65099,0.52517,1.5715,-0.46021
-0.44658,1.388,0.2677,-0.65973,0.526,1.5658,-0.46255
-0.4269,1.3661,0.24199,-0.6732,0.49785,1.5513,-0.44557
-0.42845,1.3614,0.24228,-0.68176,0.49871,1.5435,-0.44877
-0.42995,1.3567,0.24259,-0.69086,0.49966,1.537,-0.45106
-0.43141,1.3522,0.24298,-0.69961,0.50064,1.5309,-0.4533
-0.43281,1.348,0.24337,-0.70799,0.5016,1.525,-0.45544
-0.43383,1.3441,0.24349,-0.71542,0.50212,1.5196,-0.45748
-0.43534,1.3402,0.24408,-0.72331,0.50333,1.5145,-0.45933
-0.43629,1.3366,0.24423,-0.73017,0.50384,1.5096,-0.46121
-0.43582,1.3347,0.24419,-0.73567,0.50362,1.5063,-0.46266
-0.42673,1.321,0.23003,-0.74641,0.49297,1.4974,-0.44012
-0.68435,0.74662,0.12279,-1.9668,0.33743,0.57117,-0.91738
-0.68435,0.74662,0.12279,-1.9668,0.33743,0.57117,-0.91738
-0.68435,0.74662,0.12279,-1.9668,0.33743,0.57117,-0.91738
-0.68823,0.74847,0.12837,-1.966,0.34215,0.56457,-0.92185
-0.68823,0.74847,0.12837,-1.966,0.34215,0.56457,-0.92185
-0.68823,0.74847,0.12837,-1.966,0.34215,0.56457,-0.92185
-0.69007,0.74754,0.13258,-1.968,0.34603,0.55944,-0.92373
-0.69007,0.74754,0.13258,-1.968,0.34603,0.55944,-0.92373
-0.69007,0.74754,0.13258,-1.968,0.34603,0.55944,-0.92373
-0.69147,0.74637,0.13648,-1.9699,0.3496,0.55497,-0.92512
-0.77222,0.78505,0.18645,-1.9275,0.37747,0.6522,-0.99662
-0.77222,0.78505,0.18645,-1.9275,0.37747,0.6522,-0.99662
-0.77222,0.78505,0.18645,-1.9275,0.37747,0.6522,-0.99662
-0.78138,0.78588,0.19528,-1.9282,0.38564,0.6465,-1.0059
-0.78138,0.78588,0.19528,-1.9282,0.38564,0.6465,-1.0059
-0.7833,0.78543,0.19832,-1.9305,0.38971,0.64254,-1.0067
-0.78419,0.78413,0.20002,-1.933,0.39125,0.63895,-1.0082
-0.78419,0.78413,0.20002,-1.933,0.39125,0.63895,-1.0082
-0.78499,0.78274,0.20258,-1.9348,0.39375,0.6359,-1.0091
-0.78499,0.78274,0.20258,-1.9348,0.39375,0.6359,-1.0091
-0.78571,0.78136,0.20493,-1.9364,0.39613,0.63312,-1.0098
-0.78571,0.78136,0.20493,-1.9364,0.39613,0.63312,-1.0098
-0.81908,0.80256,0.22533,-1.914,0.41057,0.68433,-1.0339
-0.81908,0.80256,0.22533,-1.914,0.41057,0.68433,-1.0339
-0.81908,0.80256,0.22533,-1.914,0.41057,0.68433,-1.0339
-0.82014,0.80237,0.22828,-1.9139,0.41385,0.68344,-1.0343
-0.82014,0.80237,0.22828,-1.9139,0.41385,0.68344,-1.0343
-0.82014,0.80237,0.22828,-1.9139,0.41385,0.68344,-1.0343
-0.8204,0.80174,0.2308,-1.9142,0.41622,0.68222,-1.0347
-0.8204,0.80174,0.2308,-1.9142,0.41622,0.68222,-1.0347
-0.8204,0.80174,0.2308,-1.9142,0.41622,0.68222,-1.0347
-0.82036,0.80093,0.2332,-1.9146,0.41857,0.68091,-1.0346
-0.82036,0.80093,0.2332,-1.9146,0.41857,0.68091,-1.0346
-0.82036,0.80093,0.2332,-1.9146,0.41857,0.68091,-1.0346
-0.8836,0.84825,0.27082,-1.8713,0.44238,0.77675,-1.0874
-0.8836,0.84825,0.27082,-1.8713,0.44238,0.77675,-1.0874
-0.8836,0.84825,0.27082,-1.8713,0.44238,0.77675,-1.0874
-0.88421,0.84752,0.27257,-1.8702,0.44441,0.7764,-1.0875
-0.88421,0.84752,0.27257,-1.8702,0.44441,0.7764,-1.0875
-0.88452,0.84707,0.27429,-1.8696,0.44622,0.77625,-1.0876
-0.88461,0.84683,0.27611,-1.87,0.44806,0.77606,-1.0876
-0.88461,0.84683,0.27611,-1.87,0.44806,0.77606,-1.0876
-0.88438,0.84613,0.27759,-1.8704,0.44942,0.77554,-1.0875
-0.88438,0.84613,0.27759,-1.8704,0.44942,0.77554,-1.0875
-0.88399,0.84528,0.27898,-1.8708,0.45072,0.77496,-1.0871
-0.88373,0.8445,0.27983,-1.8717,0.45183,0.77422,-1.0866
-0.88373,0.8445,0.27983,-1.8717,0.45183,0.77422,-1.0866
-0.88313,0.84349,0.28098,-1.872,0.45277,0.77363,-1.0862
-0.88268,0.84263,0.28173,-1.8728,0.45379,0.77297,-1.0854
-0.90571,0.8662,0.29277,-1.8523,0.46562,0.82228,-1.0946
-0.90571,0.8662,0.29277,-1.8523,0.46562,0.82228,-1.0946
-0.90354,0.86575,0.29319,-1.8507,0.46473,0.82468,-1.0931
-0.90354,0.86575,0.29319,-1.8507,0.46473,0.82468,-1.0931
-0.90144,0.86552,0.29298,-1.8502,0.46375,0.82637,-1.0913
-0.89982,0.86507,0.29252,-1.8492,0.46319,0.82776,-1.0891
-0.89807,0.86459,0.29238,-1.8482,0.46278,0.82903,-1.0871
-0.94946,0.92057,0.3205,-1.8031,0.48581,0.92239,-1.1233
-0.94946,0.92057,0.3205,-1.8031,0.48581,0.92239,-1.1233
-0.94946,0.92057,0.3205,-1.8031,0.48581,0.92239,-1.1233
-0.946,0.91893,0.32075,-1.8019,0.48349,0.92552,-1.1212
-0.94326,0.91785,0.31902,-1.8003,0.48135,0.92845,-1.1172
-0.94008,0.91697,0.31856,-1.7985,0.47996,0.93127,-1.1135
-0.94008,0.91697,0.31856,-1.7985,0.47996,0.93127,-1.1135
-0.93689,0.9158,0.31857,-1.7969,0.4792,0.93386,-1.1097
-0.93689,0.9158,0.31857,-1.7969,0.4792,0.93386,-1.1097
-0.93401,0.91453,0.31843,-1.7956,0.47863,0.93609,-1.1058
-0.93401,0.91453,0.31843,-1.7956,0.47863,0.93609,-1.1058
-0.93189,0.91411,0.31866,-1.7956,0.47769,0.93738,-1.1044
-0.93041,0.91325,0.31835,-1.7949,0.47722,0.93853,-1.1022
-0.92883,0.91244,0.31847,-1.7942,0.47704,0.93968,-1.1002
-0.92752,0.91182,0.31841,-1.7937,0.47686,0.94064,-1.0984
-0.92752,0.91182,0.31841,-1.7937,0.47686,0.94064,-1.0984
-0.92592,0.91091,0.31933,-1.7933,0.47711,0.94153,-1.0969
-0.92485,0.91007,0.31917,-1.7929,0.47722,0.94224,-1.0949
-0.92347,0.90917,0.31953,-1.7925,0.47727,0.94293,-1.0932
-0.94118,0.93613,0.3271,-1.7705,0.49247,0.99014,-1.0904
-1.0134,1.0291,0.37017,-1.7116,0.52745,1.1127,-1.148
-1.0134,1.0291,0.37017,-1.7116,0.52745,1.1127,-1.148
-1.0015,1.0278,0.36579,-1.7031,0.51527,1.1269,-1.1367
-0.99836,1.0263,0.3644,-1.6999,0.5118,1.1314,-1.1329
-0.99547,1.0259,0.36394,-1.6972,0.51013,1.1354,-1.129
-0.99547,1.0259,0.36394,-1.6972,0.51013,1.1354,-1.129
-0.51106,0.8523,0.0065232,-1.6584,-0.019416,0.64051,-0.49108
-0.51138,0.85198,0.0073008,-1.66,-0.018627,0.63782,-0.49107
-0.51132,0.8514,0.008052,-1.6615,-0.018184,0.63553,-0.4912
-0.51128,0.85078,0.0085857,-1.6631,-0.017787,0.63348,-0.49118
-0.51105,0.85012,0.0091394,-1.6645,-0.017439,0.63171,-0.49109
-0.51105,0.85012,0.0091394,-1.6645,-0.017439,0.63171,-0.49109
-0.51027,0.84948,0.0098749,-1.6666,-0.01694,0.6301,-0.49057
-0.51027,0.84948,0.0098749,-1.6666,-0.01694,0.6301,-0.49057
-0.50928,0.84859,0.010481,-1.6683,-0.016468,0.62846,-0.48978
-0.50928,0.84859,0.010481,-1.6683,-0.016468,0.62846,-0.48978
-0.50816,0.84782,0.010963,-1.6698,-0.016037,0.62688,-0.48881
-0.50751,0.84715,0.010968,-1.6708,-0.015913,0.62539,-0.48812
-0.50751,0.84715,0.010968,-1.6708,-0.015913,0.62539,-0.48812
-0.50626,0.84667,0.011539,-1.6722,-0.015481,0.62422,-0.48715
-0.50548,0.8461,0.011433,-1.6732,-0.015406,0.62299,-0.48631
-0.50548,0.8461,0.011433,-1.6732,-0.015406,0.62299,-0.48631
-0.50414,0.84563,0.011955,-1.6744,-0.014993,0.622,-0.48525
-0.50324,0.84513,0.011738,-1.6753,-0.014986,0.62094,-0.4843
-0.50324,0.84513,0.011738,-1.6753,-0.014986,0.62094,-0.4843
-0.50183,0.84469,0.012227,-1.6764,-0.014584,0.6201,-0.48317
-0.50091,0.84426,0.011928,-1.6772,-0.014638,0.61923,-0.4822
-0.50091,0.84426,0.011928,-1.6772,-0.014638,0.61923,-0.4822
-0.49942,0.84386,0.012422,-1.6781,-0.014227,0.61848,-0.481
-0.49851,0.84348,0.012042,-1.6788,-0.014334,0.61777,-0.48003
-0.49816,0.84326,0.012055,-1.6788,-0.014405,0.61749,-0.47987
-0.49712,0.84312,0.01239,-1.6794,-0.014212,0.61704,-0.47914
-0.49598,0.84289,0.012252,-1.6804,-0.01401,0.61646,-0.47784
-0.49568,0.84268,0.012164,-1.6804,-0.014112,0.61623,-0.47765
-0.49453,0.84248,0.012425,-1.681,-0.01397,0.61582,-0.47683
-0.49332,0.84223,0.012191,-1.6819,-0.013801,0.61533,-0.47543
-0.493,0.84204,0.012116,-1.6819,-0.0139,0.61513,-0.47523
-0.49176,0.84184,0.012332,-1.6825,-0.013796,0.61475,-0.47435
-0.49059,0.84159,0.012082,-1.6833,-0.013612,0.61434,-0.47294
-0.49025,0.84143,0.012018,-1.6833,-0.013709,0.61416,-0.47274
-0.48892,0.84124,0.012185,-1.6839,-0.013647,0.61383,-0.4718
-0.48776,0.84098,0.011964,-1.6847,-0.013397,0.61344,-0.47033
-0.48742,0.84083,0.011881,-1.6847,-0.01351,0.61329,-0.47013
-0.48604,0.84068,0.012005,-1.6853,-0.013498,0.613,-0.46918
-0.48483,0.84038,0.011847,-1.6859,-0.013165,0.6126,-0.46763
-0.48483,0.84038,0.011847,-1.6859,-0.013165,0.6126,-0.46763
-0.48355,0.84013,0.01209,-1.6863,-0.013162,0.61227,-0.46688
-0.48222,0.83997,0.011824,-1.6871,-0.013021,0.61201,-0.46539
-0.48189,0.8398,0.011727,-1.6871,-0.013115,0.61185,-0.46517
-0.48048,0.83962,0.011851,-1.6877,-0.013051,0.61155,-0.46412
-0.47932,0.83937,0.01161,-1.6883,-0.012801,0.6112,-0.46263
-0.47897,0.83925,0.011498,-1.6883,-0.012935,0.61108,-0.46243
-0.47754,0.83914,0.011603,-1.6889,-0.012945,0.61088,-0.46144
-0.47629,0.83879,0.011504,-1.6894,-0.01254,0.61046,-0.45983
-0.47629,0.83879,0.011504,-1.6894,-0.01254,0.61046,-0.45983
-0.47487,0.83864,0.011599,-1.6899,-0.012655,0.61022,-0.45899
-0.4736,0.83838,0.01139,-1.6905,-0.012401,0.60986,-0.45745
-0.47327,0.83827,0.01124,-1.6906,-0.012544,0.60975,-0.45723
-0.47183,0.83816,0.011345,-1.6911,-0.012544,0.60955,-0.45623
-0.47055,0.83782,0.011211,-1.6917,-0.012159,0.60914,-0.45459
-0.47055,0.83782,0.011211,-1.6917,-0.012159,0.60914,-0.45459
-0.46912,0.83768,0.011304,-1.6921,-0.012277,0.60892,-0.45374
-0.46784,0.83742,0.011098,-1.6927,-0.012018,0.60858,-0.4522
-0.46751,0.83732,0.010938,-1.6928,-0.012167,0.60847,-0.45198
-0.46607,0.83721,0.011048,-1.6933,-0.012165,0.60829,-0.45097
-0.46478,0.83688,0.010908,-1.6938,-0.011784,0.60789,-0.44933
-0.46478,0.83688,0.010908,-1.6938,-0.011784,0.60789,-0.44933
-0.46335,0.83676,0.010999,-1.6943,-0.011904,0.60769,-0.44848
-0.46204,0.83648,0.010806,-1.6949,-0.011625,0.60733,-0.4469
-0.46172,0.8364,0.010629,-1.6949,-0.011783,0.60724,-0.44668
-0.46028,0.83629,0.010743,-1.6954,-0.011782,0.60706,-0.44569
-0.459,0.83598,0.010589,-1.6959,-0.01142,0.60668,-0.44407
-0.459,0.83598,0.010589,-1.6959,-0.01142,0.60668,-0.44407
-0.45756,0.83585,0.010693,-1.6964,-0.011531,0.60648,-0.44321
-0.45626,0.83559,0.010498,-1.6969,-0.011247,0.60614,-0.44163
-0.45593,0.83552,0.010323,-1.697,-0.011405,0.60605,-0.44141
-0.45449,0.8354,0.010441,-1.6975,-0.011399,0.60588,-0.44041
-0.45321,0.8351,0.010283,-1.698,-0.011038,0.6055,-0.43878
-0.45321,0.8351,0.010283,-1.698,-0.011038,0.6055,-0.43878
-0.45176,0.83499,0.010387,-1.6984,-0.011149,0.60532,-0.43792
-0.45044,0.83471,0.0102,-1.6989,-0.010852,0.60497,-0.43632
-0.45011,0.83465,0.010013,-1.699,-0.011016,0.6049,-0.4361
-0.44867,0.83454,0.010134,-1.6995,-0.01101,0.60472,-0.4351
-0.4474,0.83426,0.0099612,-1.6999,-0.010668,0.60437,-0.4335
-0.44708,0.83421,0.0097796,-1.7,-0.010838,0.60431,-0.43329
-0.44566,0.8341,0.0099088,-1.7005,-0.010842,0.60414,-0.43234
-0.44441,0.83383,0.0097487,-1.7009,-0.010508,0.6038,-0.43077
-0.44441,0.83383,0.0097487,-1.7009,-0.010508,0.6038,-0.43077
0.076993,0.4677,-0.0052227,-2.0056,-0.28633,0.77983,0.30282
0.076993,0.4677,-0.0052227,-2.0056,-0.28633,0.77983,0.30282
0.076993,0.4677,-0.0052227,-2.0056,-0.28633,0.77983,0.30282
0.076993,0.4677,-0.0052227,-2.0056,-0.28633,0.77983,0.30282
0.076993,0.4677,-0.0052227,-2.0056,-0.28633,0.77983,0.30282
0.077852,0.46563,-0.0072431,-2.0076,-0.2911,0.76707,0.30497
0.077852,0.46563,-0.0072431,-2.0076,-0.2911,0.76707,0.30497
0.077852,0.46563,-0.0072431,-2.0076,-0.2911,0.76707,0.30497
0.077852,0.46563,-0.0072431,-2.0076,-0.2911,0.76707,0.30497
0.078591,0.46553,-0.0086647,-2.007,-0.29402,0.76026,0.30676
0.078591,0.46553,-0.0086647,-2.007,-0.29402,0.76026,0.30676
0.078591,0.46553,-0.0086647,-2.007,-0.29402,0.76026,0.30676
0.078591,0.46553,-0.0086647,-2.007,-0.29402,0.76026,0.30676
0.07873,0.46692,-0.0098463,-2.0034,-0.29671,0.75488,0.30712
0.07873,0.46692,-0.0098463,-2.0034,-0.29671,0.75488,0.30712
0.07873,0.46692,-0.0098463,-2.0034,-0.29671,0.75488,0.30712
0.07873,0.46692,-0.0098463,-2.0034,-0.29671,0.75488,0.30712
0.07873,0.46692,-0.0098463,-2.0034,-0.29671,0.75488,0.30712
0.07873,0.46692,-0.0098463,-2.0034,-0.29671,0.75488,0.30712
0.045356,0.4709,0.010019,-1.9916,-0.26384,0.76419,0.25692
0.045356,0.4709,0.010019,-1.9916,-0.26384,0.76419,0.25692
0.045356,0.4709,0.010019,-1.9916,-0.26384,0.76419,0.25692
0.045356,0.4709,0.010019,-1.9916,-0.26384,0.76419,0.25692
0.043931,0.47483,0.0097995,-1.985,-0.26381,0.76511,0.25496
0.043931,0.47483,0.0097995,-1.985,-0.26381,0.76511,0.25496
0.043931,0.47483,0.0097995,-1.985,-0.26381,0.76511,0.25496
0.043931,0.47483,0.0097995,-1.985,-0.26381,0.76511,0.25496
0.043931,0.47483,0.0097995,-1.985,-0.26381,0.76511,0.25496
0.043089,0.47685,0.0095606,-1.9811,-0.26439,0.76213,0.25395
0.043089,0.47685,0.0095606,-1.9811,-0.26439,0.76213,0.25395
0.043089,0.47685,0.0095606,-1.9811,-0.26439,0.76213,0.25395
0.043089,0.47685,0.0095606,-1.9811,-0.26439,0.76213,0.25395
0.043089,0.47685,0.0095606,-1.9811,-0.26439,0.76213,0.25395
0.042189,0.48028,0.0091443,-1.9753,-0.26519,0.75989,0.25278
0.042189,0.48028,0.0091443,-1.9753,-0.26519,0.75989,0.25278
0.042189,0.48028,0.0091443,-1.9753,-0.26519,0.75989,0.25278
0.042189,0.48028,0.0091443,-1.9753,-0.26519,0.75989,0.25278
0.042189,0.48028,0.0091443,-1.9753,-0.26519,0.75989,0.25278
0.041301,0.48275,0.0087413,-1.9707,-0.26588,0.75809,0.25166
0.041301,0.48275,0.0087413,-1.9707,-0.26588,0.75809,0.25166
0.041301,0.48275,0.0087413,-1.9707,-0.26588,0.75809,0.25166
0.041301,0.48275,0.0087413,-1.9707,-0.26588,0.75809,0.25166
0.041301,0.48275,0.0087413,-1.9707,-0.26588,0.75809,0.25166
0.040406,0.48518,0.0083623,-1.9662,-0.26651,0.75654,0.25052
0.062695,0.49462,-0.0036434,-1.955,-0.28957,0.78223,0.27366
0.062695,0.49462,-0.0036434,-1.955,-0.28957,0.78223,0.27366
0.062695,0.49462,-0.0036434,-1.955,-0.28957,0.78223,0.27366
0.062695,0.49462,-0.0036434,-1.955,-0.28957,0.78223,0.27366
0.062887,0.49668,-0.0044735,-1.9508,-0.29116,0.78064,0.27392
0.062887,0.49668,-0.0044735,-1.9508,-0.29116,0.78064,0.27392
0.062887,0.49668,-0.0044735,-1.9508,-0.29116,0.78064,0.27392
0.034266,0.50218,0.013887,-1.9379,-0.25977,0.79676,0.23191
0.034266,0.50218,0.013887,-1.9379,-0.25977,0.79676,0.23191
0.033727,0.50369,0.01416,-1.9355,-0.25866,0.79802,0.23167
0.033305,0.50514,0.014371,-1.9332,-0.25795,0.7993,0.23123
0.0324,0.50836,0.01482,-1.9279,-0.25758,0.8028,0.22876
0.0324,0.50836,0.01482,-1.9279,-0.25758,0.8028,0.22876
0.0324,0.50836,0.01482,-1.9279,-0.25758,0.8028,0.22876
0.0324,0.50836,0.01482,-1.9279,-0.25758,0.8028,0.22876
0.031195,0.51003,0.015024,-1.9238,-0.25643,0.80401,0.22769
0.031195,0.51003,0.015024,-1.9238,-0.25643,0.80401,0.22769
0.030792,0.51127,0.014919,-1.922,-0.25637,0.80501,0.22714
0.030329,0.51296,0.015171,-1.9195,-0.25589,0.80628,0.22629
0.030329,0.51296,0.015171,-1.9195,-0.25589,0.80628,0.22629
0.029468,0.51493,0.01529,-1.9154,-0.25579,0.80764,0.2246
0.029468,0.51493,0.01529,-1.9154,-0.25579,0.80764,0.2246
-0.028996,0.51341,0.049427,-1.9121,-0.19792,0.80409,0.15284
-0.028996,0.51341,0.049427,-1.9121,-0.19792,0.80409,0.15284
-0.028996,0.51341,0.049427,-1.9121,-0.19792,0.80409,0.15284
-0.029737,0.51687,0.049376,-1.9073,-0.197,0.80845,0.15219
-0.029737,0.51687,0.049376,-1.9073,-0.197,0.80845,0.15219
-0.030042,0.51953,0.049623,-1.903,-0.19656,0.81204,0.1512
-0.030042,0.51953,0.049623,-1.903,-0.19656,0.81204,0.1512
-0.03055,0.52175,0.049655,-1.8992,-0.19621,0.81501,0.15031
-0.030892,0.5236,0.049862,-1.8963,-0.19583,0.81757,0.14945
-0.030892,0.5236,0.049862,-1.8963,-0.19583,0.81757,0.14945
-0.031398,0.52521,0.049862,-1.8933,-0.19557,0.81963,0.14865
-0.031694,0.52648,0.050018,-1.8912,-0.19537,0.8212,0.1479
-0.031694,0.52648,0.050018,-1.8912,-0.19537,0.8212,0.1479
-0.032189,0.52777,0.049975,-1.8885,-0.19523,0.8225,0.14718
-0.032502,0.5291,0.050137,-1.8865,-0.19501,0.82373,0.14646
-0.032502,0.5291,0.050137,-1.8865,-0.19501,0.82373,0.14646
-0.21238,0.65759,0.063741,-1.6891,0.10002,1.0259,-0.20505
-0.17045,0.6509,0.039836,-1.6958,0.055309,1.014,-0.16094
-0.17045,0.6509,0.039836,-1.6958,0.055309,1.014,-0.16094
-0.17045,0.6509,0.039836,-1.6958,0.055309,1.014,-0.16094
-0.16904,0.65106,0.039889,-1.6947,0.054393,1.0139,-0.16024
-0.1684,0.65183,0.039743,-1.6935,0.054569,1.0139,-0.15888
-0.1684,0.65183,0.039743,-1.6935,0.054569,1.0139,-0.15888
-0.16727,0.65284,0.040075,-1.6917,0.054626,1.0138,-0.15787
-0.16689,0.65395,0.039712,-1.6901,0.05452,1.014,-0.15683
-0.14395,0.65896,0.026801,-1.6812,0.030636,1.025,-0.13149
-0.14395,0.65896,0.026801,-1.6812,0.030636,1.025,-0.13149
-0.14142,0.66114,0.02611,-1.6766,0.028301,1.0307,-0.12956
-0.14037,0.66434,0.025837,-1.6719,0.028599,1.0353,-0.12715
-0.14037,0.66434,0.025837,-1.6719,0.028599,1.0353,-0.12715
-0.13919,0.66686,0.026011,-1.6699,0.027921,1.0382,-0.1267
-0.13897,0.66852,0.02566,-1.6671,0.027823,1.0405,-0.12583
-0.13816,0.67019,0.025919,-1.6644,0.027737,1.0425,-0.1253
-0.15532,0.67723,0.03564,-1.6561,0.048359,1.051,-0.14053
-0.15532,0.67723,0.03564,-1.6561,0.048359,1.051,-0.14053
-0.15576,0.67859,0.036418,-1.6518,0.049589,1.0571,-0.14079
-0.15576,0.67859,0.036418,-1.6518,0.049589,1.0571,-0.14079
-0.15525,0.68223,0.036482,-1.6463,0.049094,1.061,-0.14078
-0.15525,0.68223,0.036482,-1.6463,0.049094,1.061,-0.14078
-0.15462,0.68561,0.036722,-1.6415,0.049437,1.0645,-0.13988
-0.15462,0.68561,0.036722,-1.6415,0.049437,1.0645,-0.13988
-0.15393,0.68787,0.036821,-1.6397,0.049074,1.0669,-0.13955
-0.1536,0.68935,0.036729,-1.6372,0.04899,1.0689,-0.13899
-0.15308,0.6909,0.036827,-1.6348,0.048931,1.0706,-0.13851
-0.15271,0.69241,0.036792,-1.6326,0.048863,1.0721,-0.13801
-0.15224,0.69381,0.036868,-1.6303,0.048826,1.0734,-0.13754
-0.15186,0.69519,0.036866,-1.6283,0.048786,1.0746,-0.13707
-0.15143,0.69649,0.036933,-1.6263,0.048765,1.0757,-0.13662
-0.15105,0.69776,0.03695,-1.6244,0.048742,1.0767,-0.13617
-0.15105,0.69776,0.03695,-1.6244,0.048742,1.0767,-0.13617
-0.15034,0.69926,0.037295,-1.6218,0.048915,1.0774,-0.13563
-0.15013,0.70072,0.037069,-1.6199,0.048819,1.0782,-0.13506
-0.14951,0.70197,0.037309,-1.6179,0.04884,1.0791,-0.13464
-0.14951,0.70197,0.037309,-1.6179,0.04884,1.0791,-0.13464
-0.14904,0.70349,0.037393,-1.6156,0.048954,1.0797,-0.13403
-0.14862,0.70486,0.037391,-1.6136,0.048909,1.0805,-0.13352
-0.14818,0.70611,0.037443,-1.6117,0.0489,1.0813,-0.13304
-0.14709,0.70831,0.036339,-1.6066,0.047956,1.0885,-0.1305
-0.14553,0.71206,0.036378,-1.6012,0.047466,1.0939,-0.12898
-0.14553,0.71206,0.036378,-1.6012,0.047466,1.0939,-0.12898
-0.14465,0.71587,0.036192,-1.5957,0.047283,1.098,-0.12762
-0.14465,0.71587,0.036192,-1.5957,0.047283,1.098,-0.12762
-0.14358,0.71917,0.036321,-1.591,0.047044,1.1015,-0.12668
-0.14358,0.71917,0.036321,-1.591,0.047044,1.1015,-0.12668
-0.14307,0.72147,0.03635,-1.5893,0.046947,1.1038,-0.12616
-0.14262,0.72292,0.036346,-1.5867,0.046836,1.1058,-0.12565
-0.14219,0.72455,0.036364,-1.5843,0.046787,1.1074,-0.12515
-0.14177,0.72607,0.036389,-1.582,0.046738,1.1089,-0.12468
-0.14136,0.72754,0.036416,-1.5798,0.046705,1.1102,-0.12423
-0.14096,0.72895,0.036451,-1.5776,0.046681,1.1114,-0.12379
-0.12193,0.73115,0.025632,-1.5733,0.02591,1.1122,-0.10568
-0.12193,0.73115,0.025632,-1.5733,0.02591,1.1122,-0.10568
-0.12049,0.73232,0.025615,-1.5719,0.024891,1.1144,-0.10505
-0.12009,0.73358,0.025264,-1.5695,0.024818,1.1162,-0.10393
-0.11924,0.73504,0.025451,-1.5672,0.024748,1.1177,-0.10325
-0.11896,0.73652,0.025238,-1.5652,0.02466,1.119,-0.10259
-0.11835,0.73787,0.025418,-1.5629,0.024666,1.1201,-0.10211
-0.1181,0.73924,0.025305,-1.561,0.024626,1.1212,-0.10162
-0.11761,0.7405,0.025457,-1.5589,0.024652,1.1222,-0.10122
-0.11735,0.74179,0.025404,-1.5572,0.02464,1.1231,-0.1008
-0.11692,0.743,0.025533,-1.5552,0.024673,1.1239,-0.10043
-0.11692,0.743,0.025533,-1.5552,0.024673,1.1239,-0.10043
-0.079042,0.74414,0.0038237,-1.5537,-0.016684,1.1162,-0.066205
-0.079042,0.74414,0.0038237,-1.5537,-0.016684,1.1162,-0.066205
-0.079042,0.74414,0.0038237,-1.5537,-0.016684,1.1162,-0.066205
-0.078412,0.74417,0.003815,-1.5533,-0.017213,1.1162,-0.066069
-0.077138,0.74486,0.0038657,-1.5516,-0.017558,1.116,-0.06494
-0.077138,0.74486,0.0038657,-1.5516,-0.017558,1.116,-0.06494
-0.07665,0.74614,0.0038911,-1.5499,-0.017172,1.1158,-0.06382
-0.076061,0.74728,0.0038819,-1.5482,-0.017219,1.1158,-0.063091
-0.076061,0.74728,0.0038819,-1.5482,-0.017219,1.1158,-0.063091
-0.075342,0.74873,0.0041087,-1.5459,-0.017076,1.1157,-0.062378
-0.075089,0.74999,0.0039296,-1.5443,-0.017133,1.116,-0.061792
-0.074539,0.75116,0.0041131,-1.5424,-0.017073,1.1164,-0.061343
-0.074539,0.75116,0.0041131,-1.5424,-0.017073,1.1164,-0.061343
-0.074116,0.75262,0.0042104,-1.5403,-0.016958,1.1167,-0.060823
-0.073791,0.75391,0.0042049,-1.5385,-0.016956,1.1172,-0.060395
-0.073424,0.75512,0.0042835,-1.5366,-0.016913,1.1178,-0.060015
-0.035925,0.81946,0.049508,-1.4446,-0.15715,1.1802,0.069492
-0.035925,0.81946,0.049508,-1.4446,-0.15715,1.1802,0.069492
-0.035824,0.81897,0.048301,-1.4449,-0.15896,1.178,0.069682
-0.035571,0.81861,0.048064,-1.447,-0.15955,1.1762,0.069905
-0.035985,0.81733,0.047644,-1.4489,-0.15978,1.1748,0.070117
-0.036098,0.81602,0.047664,-1.4509,-0.15992,1.1736,0.069972
-0.036665,0.81475,0.047325,-1.4528,-0.16012,1.1725,0.069831
-0.036903,0.81349,0.047386,-1.4547,-0.1602,1.1715,0.0695
-0.053655,0.80979,0.057609,-1.4584,-0.14111,1.1674,0.056696
-0.055311,0.80909,0.057707,-1.4596,-0.14059,1.1651,0.055488
-0.056089,0.80797,0.057981,-1.4616,-0.14064,1.1634,0.054165
-0.057113,0.80663,0.057821,-1.4636,-0.1407,1.1621,0.053318
-0.0576,0.80528,0.057994,-1.4655,-0.1407,1.1609,0.052582
-0.058396,0.80402,0.057752,-1.4674,-0.14082,1.1599,0.052056
-0.058781,0.80275,0.057867,-1.4692,-0.14085,1.1589,0.051496
-0.059496,0.80156,0.0576,-1.471,-0.14099,1.158,0.051078
-0.059846,0.80037,0.057693,-1.4727,-0.14102,1.1572,0.050572
-0.060531,0.79924,0.057418,-1.4744,-0.14116,1.1564,0.050188
-0.060531,0.79924,0.057418,-1.4744,-0.14116,1.1564,0.050188
-0.06135,0.79779,0.057096,-1.4766,-0.14141,1.1559,0.049542
-0.061732,0.79649,0.05727,-1.4783,-0.14136,1.1552,0.048948
-0.099388,0.79401,0.079907,-1.4806,-0.10108,1.1549,0.016088
-0.099388,0.79401,0.079907,-1.4806,-0.10108,1.1549,0.016088
-0.099388,0.79401,0.079907,-1.4806,-0.10108,1.1549,0.016088
-0.10089,0.79366,0.079563,-1.4813,-0.10056,1.1549,0.015586
-0.10164,0.79288,0.079712,-1.4827,-0.10064,1.1549,0.014271
-0.10192,0.7925,0.07967,-1.4827,-0.10059,1.1547,0.014101
-0.103,0.79166,0.079318,-1.4845,-0.10087,1.1545,0.013075
-0.10354,0.79061,0.07958,-1.486,-0.10078,1.1541,0.012117
-0.10443,0.78964,0.079321,-1.4874,-0.10086,1.1537,0.011464
-0.10443,0.78964,0.079321,-1.4874,-0.10086,1.1537,0.011464
-0.10538,0.78837,0.079073,-1.4895,-0.10106,1.1534,0.010548
-0.10587,0.78722,0.079258,-1.491,-0.10098,1.1529,0.0098034
-0.10587,0.78722,0.079258,-1.491,-0.10098,1.1529,0.0098034
-0.10695,0.78612,0.078676,-1.4925,-0.10124,1.1525,0.0092683
-0.10735,0.78498,0.078989,-1.4945,-0.10119,1.1521,0.0083552
-0.10824,0.78387,0.078641,-1.496,-0.10129,1.1515,0.0078468
-0.10863,0.78281,0.078829,-1.4977,-0.10128,1.1509,0.0071371
-0.10863,0.78281,0.078829,-1.4977,-0.10128,1.1509,0.0071371
-0.10969,0.78169,0.078215,-1.4991,-0.10155,1.1505,0.0066779
-0.11006,0.78055,0.078516,-1.5012,-0.10151,1.15,0.0057972
-0.11096,0.77941,0.07816,-1.5026,-0.10162,1.1493,0.0053098
-0.11133,0.77834,0.078346,-1.5043,-0.10161,1.1487,0.0046121
-0.12899,0.77602,0.088808,-1.5073,-0.081712,1.146,-0.010023
-0.1308,0.77546,0.088912,-1.5084,-0.081037,1.1439,-0.011433
-0.13169,0.77445,0.089239,-1.5102,-0.080998,1.1424,-0.012953
-0.13285,0.77328,0.089092,-1.5121,-0.080988,1.1411,-0.013987
-0.13344,0.77203,0.089299,-1.5138,-0.08093,1.1401,-0.014892
-0.13435,0.7709,0.089071,-1.5156,-0.080994,1.1391,-0.015562
-0.17206,0.77155,0.11144,-1.516,-0.040077,1.1444,-0.049052
-0.17206,0.77155,0.11144,-1.516,-0.040077,1.1444,-0.049052
-0.17206,0.77155,0.11144,-1.516,-0.040077,1.1444,-0.049052
-0.173,0.77171,0.11114,-1.5164,-0.039734,1.1445,-0.049234
-0.17443,0.77126,0.11094,-1.5173,-0.03959,1.1447,-0.050484
-0.17457,0.77099,0.11103,-1.5174,-0.039571,1.1446,-0.050784
-0.17581,0.77019,0.11079,-1.519,-0.039896,1.1448,-0.052297
-0.17581,0.77019,0.11079,-1.519,-0.039896,1.1448,-0.052297
-0.17694,0.76911,0.11059,-1.5208,-0.040153,1.145,-0.053642
-0.17694,0.76911,0.11059,-1.5208,-0.040153,1.145,-0.053642
-0.1781,0.76795,0.11037,-1.5226,-0.040284,1.1451,-0.054804
-0.1781,0.76795,0.11037,-1.5226,-0.040284,1.1451,-0.054804
-0.17924,0.76669,0.11018,-1.5246,-0.040433,1.1451,-0.056022
-0.17924,0.76669,0.11018,-1.5246,-0.040433,1.1451,-0.056022
-0.1804,0.76539,0.10996,-1.5266,-0.040564,1.1449,-0.057159
-0.19987,0.76446,0.12125,-1.5295,-0.02006,1.1444,-0.075629
-0.19987,0.76446,0.12125,-1.5295,-0.02006,1.1444,-0.075629
-0.20143,0.76361,0.12094,-1.5302,-0.019548,1.1427,-0.076248
-0.20215,0.76281,0.12132,-1.5323,-0.019394,1.1413,-0.077578
-0.20329,0.76165,0.12106,-1.534,-0.019417,1.1402,-0.078457
-0.20385,0.7605,0.1213,-1.5358,-0.01933,1.1392,-0.079374
-0.2048,0.75945,0.12102,-1.5375,-0.019377,1.1382,-0.080037
-0.2048,0.75945,0.12102,-1.5375,-0.019377,1.1382,-0.080037
-0.20582,0.75812,0.12075,-1.5397,-0.019604,1.1376,-0.081001
-0.20639,0.7569,0.12095,-1.5413,-0.019478,1.1368,-0.081818
-0.2073,0.75587,0.12069,-1.543,-0.019538,1.136,-0.082476
-0.2073,0.75587,0.12069,-1.543,-0.019538,1.136,-0.082476
-0.20831,0.75459,0.12038,-1.545,-0.019773,1.1354,-0.083387
-0.20886,0.75341,0.1206,-1.5466,-0.019657,1.1347,-0.084212
-0.20977,0.75242,0.12032,-1.5482,-0.019721,1.134,-0.084852
-0.24672,0.75613,0.14147,-1.547,0.020712,1.1436,-0.11736
-0.24672,0.75613,0.14147,-1.547,0.020712,1.1436,-0.11736
-0.24672,0.75613,0.14147,-1.547,0.020712,1.1436,-0.11736
-0.090889,0.85896,0.063427,-1.3776,-0.089972,1.1137,-4.0471e-05
-0.090889,0.85896,0.063427,-1.3776,-0.089972,1.1137,-4.0471e-05
-0.090889,0.85896,0.063427,-1.3776,-0.089972,1.1137,-4.0471e-05
-0.090695,0.85714,0.063312,-1.3792,-0.089769,1.1129,0.00088689
-0.10756,0.85605,0.075394,-1.3817,-0.071086,1.1176,-0.013175
-0.10756,0.85605,0.075394,-1.3817,-0.071086,1.1176,-0.013175
-0.10756,0.85605,0.075394,-1.3817,-0.071086,1.1176,-0.013175
-0.10764,0.85692,0.075477,-1.3826,-0.070852,1.1185,-0.013183
-0.1086,0.85533,0.075653,-1.3832,-0.070165,1.1208,-0.013641
-0.1086,0.85533,0.075653,-1.3832,-0.070165,1.1208,-0.013641
-0.10863,0.85573,0.075695,-1.3837,-0.07007,1.1212,-0.01366
-0.109,0.85415,0.075861,-1.3851,-0.069998,1.123,-0.01431
-0.109,0.85415,0.075861,-1.3851,-0.069998,1.123,-0.01431
-0.10945,0.85283,0.075969,-1.387,-0.069846,1.1243,-0.014815
-0.10945,0.85283,0.075969,-1.387,-0.069846,1.1243,-0.014815
-0.10976,0.85158,0.076093,-1.3888,-0.06969,1.1249,-0.015126
-0.093535,0.84929,0.0644,-1.3922,-0.088676,1.129,-0.0027741
-0.093535,0.84929,0.0644,-1.3922,-0.088676,1.129,-0.0027741
-0.093452,0.84947,0.0642,-1.3925,-0.088951,1.1292,-0.0027427
-0.092329,0.84858,0.063793,-1.3935,-0.089495,1.1302,-0.0014729
-0.092329,0.84858,0.063793,-1.3935,-0.089495,1.1302,-0.0014729
-0.091912,0.84764,0.063369,-1.3955,-0.089558,1.1313,-0.00029946
-0.091912,0.84764,0.063369,-1.3955,-0.089558,1.1313,-0.00029946
-0.091578,0.84641,0.063187,-1.397,-0.089768,1.1317,0.00016655
-0.091477,0.84544,0.063098,-1.3986,-0.089742,1.1318,0.00054189
-0.091477,0.84544,0.063098,-1.3986,-0.089742,1.1318,0.00054189
-0.091468,0.84422,0.063,-1.4008,-0.089781,1.1319,0.0007387
-0.09148,0.84303,0.06298,-1.4026,-0.089766,1.1317,0.00086847
-0.091534,0.84192,0.062953,-1.4045,-0.089769,1.1313,0.00094642
-0.091602,0.84082,0.062943,-1.4063,-0.089766,1.1308,0.00099126
-0.091685,0.83973,0.062936,-1.4081,-0.089763,1.1303,0.0010175
-0.091775,0.83862,0.062934,-1.4099,-0.089758,1.1297,0.0010319
-0.09187,0.83752,0.062933,-1.4117,-0.089753,1.129,0.0010398
-0.091968,0.8364,0.062935,-1.4135,-0.089747,1.1284,0.0010437
-0.10967,0.83567,0.074852,-1.4153,-0.070175,1.1335,-0.01389
-0.10967,0.83567,0.074852,-1.4153,-0.070175,1.1335,-0.01389
-0.10967,0.83567,0.074852,-1.4153,-0.070175,1.1335,-0.01389
-0.10967,0.83567,0.074852,-1.4153,-0.070175,1.1335,-0.01389
-0.11037,0.83505,0.074946,-1.4169,-0.069732,1.1365,-0.014417
-0.11037,0.83505,0.074946,-1.4169,-0.069732,1.1365,-0.014417
-0.11047,0.83531,0.074989,-1.4177,-0.069627,1.1376,-0.014545
-0.11081,0.83361,0.075103,-1.4187,-0.069539,1.1397,-0.015075
-0.11081,0.83361,0.075103,-1.4187,-0.069539,1.1397,-0.015075
-0.11092,0.83358,0.07511,-1.4193,-0.069477,1.1403,-0.015159
-0.11125,0.83206,0.075182,-1.421,-0.069393,1.1418,-0.01557
-0.11125,0.83206,0.075182,-1.421,-0.069393,1.1418,-0.01557
-0.112,0.83005,0.075635,-1.4234,-0.068533,1.1426,-0.015987
-0.095564,0.82841,0.064292,-1.4263,-0.088418,1.1463,-0.0038618
-0.095564,0.82841,0.064292,-1.4263,-0.088418,1.1463,-0.0038618
-0.095478,0.82871,0.064101,-1.4267,-0.088683,1.1467,-0.0038296
-0.094424,0.82769,0.06371,-1.4275,-0.089211,1.1479,-0.0025986
-0.094424,0.82769,0.06371,-1.4275,-0.089211,1.1479,-0.0025986
-0.093989,0.82676,0.063383,-1.429,-0.089288,1.149,-0.001586
-0.093989,0.82676,0.063383,-1.429,-0.089288,1.149,-0.001586
-0.093407,0.82544,0.062866,-1.431,-0.090015,1.1498,-0.00093879
-0.093407,0.82544,0.062866,-1.431,-0.090015,1.1498,-0.00093879
-0.093522,0.82419,0.063107,-1.433,-0.089295,1.1503,-0.00044696
-0.093496,0.82304,0.062961,-1.4347,-0.089468,1.1503,-0.00032929
-0.093512,0.82198,0.062968,-1.4364,-0.089426,1.1502,-0.0002251
-0.093512,0.82198,0.062968,-1.4364,-0.089426,1.1502,-0.0002251
-0.093621,0.82065,0.062904,-1.4386,-0.089443,1.1501,-0.00018442
-0.093692,0.81938,0.062925,-1.4406,-0.089413,1.1497,-0.00016536
-0.093796,0.81818,0.062914,-1.4425,-0.089405,1.1492,-0.00015326
-0.10986,0.8174,0.073518,-1.4442,-0.070265,1.1545,-0.012735
-0.10986,0.8174,0.073518,-1.4442,-0.070265,1.1545,-0.012735
-0.11027,0.81783,0.073654,-1.4448,-0.069841,1.1554,-0.01297
-0.11059,0.81788,0.073766,-1.4452,-0.069556,1.156,-0.013224
-0.11147,0.81648,0.074035,-1.4457,-0.069266,1.1577,-0.014431
-0.11147,0.81648,0.074035,-1.4457,-0.069266,1.1577,-0.014431
-0.11164,0.81643,0.074103,-1.4462,-0.069158,1.1581,-0.014635
-0.11224,0.81505,0.07427,-1.4478,-0.069048,1.1595,-0.015551
-0.11224,0.81505,0.07427,-1.4478,-0.069048,1.1595,-0.015551
-0.11292,0.81352,0.074605,-1.4498,-0.068495,1.1602,-0.016184
-0.11302,0.81257,0.07446,-1.4513,-0.068958,1.1604,-0.016642
-0.11302,0.81257,0.07446,-1.4513,-0.068958,1.1604,-0.016642
-0.11327,0.81131,0.074525,-1.4533,-0.06881,1.1607,-0.016813
-0.11345,0.81013,0.074555,-1.4551,-0.068786,1.1607,-0.016971
-0.097389,0.80756,0.064134,-1.4585,-0.088247,1.1629,-0.004703
-0.097389,0.80756,0.064134,-1.4585,-0.088247,1.1629,-0.004703
-0.096416,0.807,0.063633,-1.4596,-0.088946,1.1628,-0.0034613
-0.096416,0.807,0.063633,-1.4596,-0.088946,1.1628,-0.0034613
-0.096023,0.80588,0.063385,-1.4614,-0.088997,1.1629,-0.0025076
0.45593,0.68831,-0.11083,-1.8651,-0.62147,1.0284,0.80384
0.45593,0.68831,-0.11083,-1.8651,-0.62147,1.0284,0.80384
0.45593,0.68831,-0.11083,-1.8651,-0.62147,1.0284,0.80384
0.45599,0.68583,-0.11333,-1.8676,-0.62782,1.0222,0.8044
0.45599,0.68583,-0.11333,-1.8676,-0.62782,1.0222,0.8044
0.45599,0.68583,-0.11333,-1.8676,-0.62782,1.0222,0.8044
0.45599,0.68583,-0.11333,-1.8676,-0.62782,1.0222,0.8044
0.45571,0.68301,-0.11556,-1.8677,-0.63261,1.0177,0.80471
0.45571,0.68301,-0.11556,-1.8677,-0.63261,1.0177,0.80471
0.45571,0.68301,-0.11556,-1.8677,-0.63261,1.0177,0.80471
0.45571,0.68301,-0.11556,-1.8677,-0.63261,1.0177,0.80471
0.45507,0.68112,-0.11763,-1.8685,-0.63706,1.0139,0.80429
0.45507,0.68112,-0.11763,-1.8685,-0.63706,1.0139,0.80429
0.45507,0.68112,-0.11763,-1.8685,-0.63706,1.0139,0.80429
0.45431,0.67955,-0.11916,-1.8692,-0.64036,1.0105,0.80382
0.45431,0.67955,-0.11916,-1.8692,-0.64036,1.0105,0.80382
0.42874,0.66704,-0.10345,-1.8744,-0.62786,0.993,0.7553
0.42874,0.66704,-0.10345,-1.8744,-0.62786,0.993,0.7553
0.42604,0.66678,-0.10251,-1.8714,-0.62406,0.99666,0.75159
0.42371,0.66773,-0.10178,-1.8682,-0.62158,1.0005,0.74723
0.42371,0.66773,-0.10178,-1.8682,-0.62158,1.0005,0.74723
0.38124,0.649,-0.080158,-1.872,-0.5878,0.97226,0.6933
0.38124,0.649,-0.080158,-1.872,-0.5878,0.97226,0.6933
0.37781,0.6492,-0.078756,-1.8686,-0.58261,0.97666,0.68915
0.37519,0.65052,-0.077839,-1.8647,-0.57983,0.98159,0.68402
0.37519,0.65052,-0.077839,-1.8647,-0.57983,0.98159,0.68402
0.37228,0.65177,-0.077964,-1.861,-0.57793,0.9852,0.6801
0.37228,0.65177,-0.077964,-1.861,-0.57793,0.9852,0.6801
0.3702,0.65313,-0.077372,-1.8573,-0.57654,0.98828,0.67572
0.3702,0.65313,-0.077372,-1.8573,-0.57654,0.98828,0.67572
0.3678,0.65399,-0.077816,-1.8546,-0.57542,0.99062,0.67296
0.3678,0.65399,-0.077816,-1.8546,-0.57542,0.99062,0.67296
0.36648,0.65502,-0.07777,-1.8534,-0.57451,0.99234,0.67103
0.36529,0.65544,-0.077718,-1.8513,-0.5738,0.99382,0.66913
0.36426,0.65606,-0.077599,-1.8498,-0.57323,0.99513,0.66729
0.36313,0.65646,-0.077643,-1.848,-0.57274,0.99631,0.66556
0.36219,0.65698,-0.077567,-1.8466,-0.57231,0.99735,0.66391
0.36113,0.6573,-0.077664,-1.8451,-0.57195,0.99831,0.66234
0.34514,0.64797,-0.072069,-1.8486,-0.5564,0.97963,0.65446
0.34514,0.64797,-0.072069,-1.8486,-0.5564,0.97963,0.65446
0.34514,0.64797,-0.072069,-1.8486,-0.5564,0.97963,0.65446
0.34517,0.64672,-0.072204,-1.8474,-0.55713,0.97837,0.6544
0.34415,0.64621,-0.073232,-1.8474,-0.55851,0.97699,0.65372
0.34415,0.64621,-0.073232,-1.8474,-0.55851,0.97699,0.65372
0.34323,0.64587,-0.07396,-1.8472,-0.55976,0.97565,0.65277
0.34323,0.64587,-0.07396,-1.8472,-0.55976,0.97565,0.65277
0.34304,0.64544,-0.074094,-1.8467,-0.56013,0.97503,0.65255
0.34193,0.64532,-0.074932,-1.8464,-0.56126,0.97406,0.65148
0.34193,0.64532,-0.074932,-1.8464,-0.56126,0.97406,0.65148
0.34085,0.64515,-0.075553,-1.8457,-0.56218,0.97314,0.65025
0.34085,0.64515,-0.075553,-1.8457,-0.56218,0.97314,0.65025
0.33966,0.645,-0.076081,-1.8449,-0.5629,0.97232,0.64887
0.29703,0.62765,-0.053159,-1.8524,-0.52873,0.93875,0.59628
0.29471,0.62728,-0.051907,-1.8509,-0.52435,0.94252,0.59399
0.29296,0.6279,-0.05133,-1.8476,-0.52328,0.9463,0.58969
0.26274,0.62521,-0.033097,-1.8413,-0.49674,0.94635,0.54092
0.26274,0.62521,-0.033097,-1.8413,-0.49674,0.94635,0.54092
0.25957,0.62736,-0.031557,-1.8351,-0.4924,0.95469,0.53486
0.25957,0.62736,-0.031557,-1.8351,-0.4924,0.95469,0.53486
0.25642,0.62995,-0.030514,-1.8298,-0.48766,0.96155,0.531
0.25435,0.63247,-0.029696,-1.825,-0.48518,0.96789,0.52662
0.25435,0.63247,-0.029696,-1.825,-0.48518,0.96789,0.52662
0.25176,0.63464,-0.029675,-1.8205,-0.48326,0.97243,0.52306
0.25176,0.63464,-0.029675,-1.8205,-0.48326,0.97243,0.52306
0.24983,0.63676,-0.029163,-1.8161,-0.48193,0.97622,0.51914
0.24983,0.63676,-0.029163,-1.8161,-0.48193,0.97622,0.51914
0.24758,0.63834,-0.029389,-1.8128,-0.48071,0.97918,0.51638
0.24758,0.63834,-0.029389,-1.8128,-0.48071,0.97918,0.51638
0.24636,0.6398,-0.02938,-1.8114,-0.4799,0.98128,0.51464
0.24532,0.64055,-0.029286,-1.8091,-0.47922,0.98305,0.51294
0.24437,0.64146,-0.029171,-1.8073,-0.47868,0.9846,0.51129
0.24336,0.6422,-0.02917,-1.8054,-0.47821,0.98597,0.50973
0.24249,0.64298,-0.029097,-1.8037,-0.4778,0.98718,0.50825
0.24154,0.64361,-0.029143,-1.802,-0.47746,0.98828,0.50684
0.24154,0.64361,-0.029143,-1.802,-0.47746,0.98828,0.50684
0.24035,0.64417,-0.029626,-1.8002,-0.47753,0.98917,0.50549
0.23972,0.64498,-0.029312,-1.7987,-0.47724,0.98995,0.50392
0.23863,0.64548,-0.029603,-1.7972,-0.47703,0.99077,0.50274
0.23863,0.64548,-0.029603,-1.7972,-0.47703,0.99077,0.50274
0.23756,0.64604,-0.029913,-1.7952,-0.4772,0.99145,0.50118
0.23683,0.64681,-0.029718,-1.7939,-0.47692,0.9921,0.49975
0.23582,0.64728,-0.029944,-1.7924,-0.47676,0.99281,0.49854
0.16846,0.83552,0.067085,-1.7036,-0.08499,0.62014,0.28348
0.16846,0.83552,0.067085,-1.7036,-0.08499,0.62014,0.28348
0.16846,0.83552,0.067085,-1.7036,-0.08499,0.62014,0.28348
0.16743,0.83522,0.065252,-1.7049,-0.086376,0.61686,0.28292
0.16743,0.83522,0.065252,-1.7049,-0.086376,0.61686,0.28292
0.16743,0.83522,0.065252,-1.7049,-0.086376,0.61686,0.28292
0.16619,0.83467,0.064134,-1.7067,-0.087303,0.61388,0.28205
0.16619,0.83467,0.064134,-1.7067,-0.087303,0.61388,0.28205
0.16498,0.83391,0.063694,-1.7087,-0.087834,0.61101,0.28103
0.16498,0.83391,0.063694,-1.7087,-0.087834,0.61101,0.28103
0.16357,0.83306,0.063201,-1.7103,-0.088286,0.60866,0.28
0.21382,0.83427,0.021649,-1.7045,-0.11688,0.62626,0.32374
0.27225,0.84172,-0.024457,-1.6927,-0.14855,0.6498,0.37634
0.27225,0.84172,-0.024457,-1.6927,-0.14855,0.6498,0.37634
0.27225,0.84172,-0.024457,-1.6927,-0.14855,0.6498,0.37634
0.27225,0.84172,-0.024457,-1.6927,-0.14855,0.6498,0.37634
0.27132,0.84096,-0.026388,-1.6923,-0.14975,0.6484,0.3762
0.36299,0.86536,-0.09629,-1.661,-0.20652,0.71589,0.4621
0.41177,0.87616,-0.13375,-1.653,-0.23592,0.73711,0.50723
0.41177,0.87616,-0.13375,-1.653,-0.23592,0.73711,0.50723
0.41177,0.87616,-0.13375,-1.653,-0.23592,0.73711,0.50723
0.41209,0.87629,-0.13655,-1.653,-0.23869,0.73445,0.50752
0.41209,0.87629,-0.13655,-1.653,-0.23869,0.73445,0.50752
0.49601,0.90899,-0.19917,-1.6256,-0.28997,0.79488,0.58584
0.53649,0.92514,-0.22911,-1.6146,-0.31543,0.82261,0.62234
0.53649,0.92514,-0.22911,-1.6146,-0.31543,0.82261,0.62234
0.53649,0.92514,-0.22911,-1.6146,-0.31543,0.82261,0.62234
0.5365,0.92445,-0.23069,-1.6136,-0.3169,0.82158,0.62245
0.60747,0.96732,-0.28283,-1.5856,-0.36225,0.88395,0.68712
0.64019,0.98915,-0.30664,-1.5717,-0.38387,0.91441,0.71607
0.64019,0.98915,-0.30664,-1.5717,-0.38387,0.91441,0.71607
0.64019,0.98915,-0.30664,-1.5717,-0.38387,0.91441,0.71607
0.63954,0.98894,-0.30776,-1.5718,-0.38433,0.91486,0.71614
0.69767,1.0344,-0.3504,-1.5449,-0.42478,0.97619,0.76523
0.7249,1.0611,-0.3702,-1.5274,-0.4433,1.0116,0.78822
0.7249,1.0611,-0.3702,-1.5274,-0.4433,1.0116,0.78822
0.7249,1.0611,-0.3702,-1.5274,-0.4433,1.0116,0.78822
0.72278,1.0604,-0.37125,-1.5282,-0.44224,1.0143,0.78792
0.74663,1.0814,-0.38845,-1.5164,-0.46058,1.0428,0.80526
0.73429,1.0735,-0.38024,-1.5178,-0.45036,1.0359,0.79616
0.73231,1.0708,-0.37977,-1.5175,-0.44906,1.038,0.79357
0.73231,1.0708,-0.37977,-1.5175,-0.44906,1.038,0.79357
0.73048,1.0699,-0.38027,-1.5181,-0.44875,1.0396,0.79197
0.72937,1.0686,-0.37989,-1.5182,-0.44834,1.0408,0.78992
0.72813,1.0675,-0.3801,-1.5182,-0.44825,1.0419,0.78828
0.72813,1.0675,-0.3801,-1.5182,-0.44825,1.0419,0.78828
0.72683,1.0664,-0.38075,-1.5185,-0.44841,1.0427,0.78693
0.703,1.045,-0.36466,-1.5283,-0.43277,1.0202,0.76416
0.70235,1.0435,-0.36501,-1.5287,-0.43282,1.0195,0.76366
0.70173,1.0421,-0.36538,-1.5301,-0.43331,1.0191,0.7626
0.70122,1.0408,-0.36577,-1.5312,-0.4337,1.0186,0.76181
0.70075,1.0395,-0.36617,-1.5323,-0.43413,1.0182,0.76101
0.67928,1.0196,-0.35159,-1.5439,-0.41974,0.99595,0.74128
0.67903,1.0181,-0.35222,-1.5443,-0.42039,0.99464,0.74101
0.6787,1.017,-0.3528,-1.5458,-0.42119,0.99357,0.7404
0.67836,1.0156,-0.35338,-1.5471,-0.42179,0.99265,0.73992
0.67808,1.0143,-0.35389,-1.5486,-0.4224,0.99184,0.73936
0.67778,1.0129,-0.35442,-1.5499,-0.42295,0.99112,0.73885
0.67748,1.0115,-0.35492,-1.5512,-0.4235,0.99046,0.73829
0.66528,1.0008,-0.34652,-1.5588,-0.41382,0.98017,0.72841
0.66172,0.99649,-0.34589,-1.5606,-0.41378,0.97474,0.72459
0.66226,0.99573,-0.34576,-1.5616,-0.41489,0.97341,0.72355
0.66173,0.99461,-0.34659,-1.5622,-0.41549,0.97248,0.72334
0.62867,0.96565,-0.32381,-1.5819,-0.3936,0.93792,0.69289
0.62867,0.96565,-0.32381,-1.5819,-0.3936,0.93792,0.69289
0.6277,0.96421,-0.32496,-1.5828,-0.39476,0.93583,0.69217
0.62757,0.96318,-0.32539,-1.5839,-0.39574,0.93408,0.69155
0.6272,0.96212,-0.32601,-1.585,-0.3964,0.93279,0.69124
0.62689,0.96109,-0.32651,-1.5864,-0.39704,0.93166,0.69081
0.62656,0.95997,-0.32704,-1.5876,-0.3976,0.93068,0.69044
0.62624,0.9589,-0.32752,-1.5888,-0.39816,0.9298,0.68999
0.62624,0.9589,-0.32752,-1.5888,-0.39816,0.9298,0.68999
0.62527,0.95717,-0.32858,-1.5907,-0.39897,0.9291,0.6891
0.62527,0.95717,-0.32858,-1.5907,-0.39897,0.9291,0.6891
0.62472,0.95575,-0.32928,-1.5914,-0.39962,0.92834,0.68846
0.62419,0.95453,-0.32963,-1.593,-0.40024,0.92754,0.68747
0.62366,0.95328,-0.33006,-1.594,-0.40064,0.9268,0.68686
0.62319,0.95218,-0.33042,-1.5952,-0.40112,0.92611,0.68614
0.62319,0.95218,-0.33042,-1.5952,-0.40112,0.92611,0.68614
0.62247,0.95098,-0.33126,-1.5958,-0.40169,0.92562,0.68562
0.62184,0.94978,-0.33164,-1.5973,-0.40228,0.92503,0.68454
0.62126,0.94853,-0.332,-1.5983,-0.40264,0.92443,0.6838
0.37115,0.87162,-0.10344,-1.5944,-0.49107,0.89343,0.65322
0.37115,0.87162,-0.10344,-1.5944,-0.49107,0.89343,0.65322
0.37115,0.87162,-0.10344,-1.5944,-0.49107,0.89343,0.65322
0.37077,0.87092,-0.10461,-1.594,-0.4921,0.89312,0.65319
0.37029,0.87053,-0.10562,-1.595,-0.49323,0.89273,0.65271
0.36978,0.86979,-0.10599,-1.5964,-0.49371,0.89202,0.65221
0.34739,0.85783,-0.090919,-1.6069,-0.47913,0.8709,0.63202
0.34711,0.85721,-0.090889,-1.6068,-0.47903,0.87037,0.63196
0.31021,0.8405,-0.066512,-1.6222,-0.45568,0.83832,0.59837
0.31021,0.8405,-0.066512,-1.6222,-0.45568,0.83832,0.59837
0.3088,0.83958,-0.066674,-1.6228,-0.45504,0.83834,0.59793
0.30761,0.83826,-0.066537,-1.6239,-0.45499,0.83822,0.59645
0.30761,0.83826,-0.066537,-1.6239,-0.45499,0.83822,0.59645
0.30624,0.83725,-0.066846,-1.6246,-0.45497,0.83798,0.59546
0.30534,0.83634,-0.066713,-1.6257,-0.45521,0.83774,0.59394
0.30534,0.83634,-0.066713,-1.6257,-0.45521,0.83774,0.59394
0.30409,0.83539,-0.067242,-1.6261,-0.45535,0.8375,0.59319
0.33686,0.85059,-0.089869,-1.6125,-0.48206,0.87532,0.61282
0.35,0.8595,-0.09772,-1.6039,-0.49325,0.89549,0.61653
0.35,0.8595,-0.09772,-1.6039,-0.49325,0.89549,0.61653
0.35,0.8595,-0.09772,-1.6039,-0.49325,0.89549,0.61653
0.34831,0.85843,-0.098217,-1.6031,-0.49157,0.90153,0.61522
0.3999,0.89517,-0.13051,-1.5701,-0.5354,0.97387,0.63298
0.40637,0.90808,-0.13307,-1.5545,-0.53999,1.0055,0.62397
0.40637,0.90808,-0.13307,-1.5545,-0.53999,1.0055,0.62397
0.40637,0.90808,-0.13307,-1.5545,-0.53999,1.0055,0.62397
0.40284,0.90894,-0.1318,-1.5495,-0.53509,1.0194,0.61795
0.44465,0.94998,-0.15649,-1.514,-0.5765,1.0939,0.61229
0.44604,0.96672,-0.15558,-1.4915,-0.57576,1.1351,0.59132
0.44604,0.96672,-0.15558,-1.4915,-0.57576,1.1351,0.59132
0.44102,0.9723,-0.15345,-1.4776,-0.56757,1.1567,0.58198
0.47792,1.0209,-0.17155,-1.4411,-0.61815,1.2405,0.52884
0.47792,1.0209,-0.17155,-1.4411,-0.61815,1.2405,0.52884
0.47163,1.0324,-0.1697,-1.4178,-0.60477,1.2765,0.51646
0.47163,1.0324,-0.1697,-1.4178,-0.60477,1.2765,0.51646
0.48572,1.0771,-0.17063,-1.3768,-0.64721,1.3619,0.41609
0.48572,1.0771,-0.17063,-1.3768,-0.64721,1.3619,0.41609
0.47827,1.0888,-0.17049,-1.3525,-0.63011,1.3992,0.4091
0.47318,1.1052,-0.16654,-1.3272,-0.63014,1.4381,0.36841
0.47318,1.1052,-0.16654,-1.3272,-0.63014,1.4381,0.36841
0.46912,1.1122,-0.16753,-1.3127,-0.62358,1.4619,0.36027
0.46912,1.1122,-0.16753,-1.3127,-0.62358,1.4619,0.36027
0.46528,1.1105,-0.16843,-1.3087,-0.61482,1.4718,0.36451
0.46528,1.1105,-0.16843,-1.3087,-0.61482,1.4718,0.36451
0.45767,1.1055,-0.16771,-1.3046,-0.60347,1.4729,0.37003
0.44185,1.097,-0.15933,-1.3004,-0.57793,1.4685,0.37514
0.44185,1.097,-0.15933,-1.3004,-0.57793,1.4685,0.37514
0.44046,1.0954,-0.16024,-1.3007,-0.57787,1.4694,0.37449
0.43962,1.0936,-0.1605,-1.3017,-0.57787,1.4707,0.37279
0.43918,1.0929,-0.16065,-1.302,-0.57785,1.471,0.37223
0.43858,1.0915,-0.16112,-1.3022,-0.57815,1.4713,0.37148
0.43812,1.09,-0.16138,-1.3029,-0.57855,1.4716,0.37031
0.42816,1.0815,-0.15781,-1.3039,-0.56311,1.466,0.37705
0.42748,1.0792,-0.15857,-1.3071,-0.5644,1.4629,0.3772
0.42759,1.0759,-0.15912,-1.3101,-0.56593,1.4603,0.37703
0.40433,1.0584,-0.14519,-1.3131,-0.53332,1.447,0.37586
0.40433,1.0584,-0.14519,-1.3131,-0.53332,1.447,0.37586
0.40283,1.0552,-0.14572,-1.3176,-0.5348,1.4422,0.37492
0.40279,1.0519,-0.14644,-1.3209,-0.53696,1.4381,0.37483
0.40282,1.0486,-0.14684,-1.3247,-0.53873,1.4337,0.37485
0.40276,1.0451,-0.14709,-1.3292,-0.53974,1.4304,0.37507
0.40276,1.0451,-0.14709,-1.3292,-0.53974,1.4304,0.37507
0.40227,1.0419,-0.14797,-1.3311,-0.54092,1.4289,0.37475
0.39231,1.0333,-0.14266,-1.3337,-0.52493,1.421,0.37936
0.3915,1.0302,-0.1432,-1.3389,-0.52619,1.4165,0.37957
0.3915,1.0272,-0.144,-1.3418,-0.5282,1.4127,0.3797
0.36628,1.0088,-0.1285,-1.347,-0.49645,1.3959,0.37172
0.36628,1.0088,-0.1285,-1.347,-0.49645,1.3959,0.37172
0.36483,1.0053,-0.12893,-1.352,-0.49783,1.3909,0.37074
0.36474,1.0022,-0.12965,-1.3551,-0.49993,1.3865,0.37072
0.36473,0.99915,-0.13009,-1.3587,-0.50171,1.3821,0.37079
0.3646,0.99593,-0.13034,-1.363,-0.50269,1.3786,0.37103
0.3646,0.99593,-0.13034,-1.363,-0.50269,1.3786,0.37103
0.36404,0.99289,-0.13122,-1.3649,-0.50386,1.3769,0.37073
0.36428,0.99133,-0.13098,-1.3665,-0.50459,1.375,0.37025
0.36326,0.98923,-0.13179,-1.3694,-0.50529,1.3736,0.3699
0.35242,0.9809,-0.12572,-1.3718,-0.48907,1.366,0.37125
0.35117,0.97864,-0.12634,-1.3751,-0.49068,1.3614,0.37046
0.3238,0.96076,-0.10957,-1.3812,-0.45871,1.3436,0.35663
0.32263,0.95832,-0.10979,-1.3848,-0.46,1.3381,0.35589
0.32249,0.95527,-0.11044,-1.3879,-0.46179,1.3343,0.35576
0.32229,0.95251,-0.11047,-1.3921,-0.46253,1.3307,0.35582
-0.088889,0.96123,0.053334,-1.1945,-0.04989,1.0389,-0.029825
-0.088889,0.96123,0.053334,-1.1945,-0.04989,1.0389,-0.029825
-0.089412,0.9603,0.053927,-1.196,-0.049032,1.0453,-0.030189
-0.089412,0.9603,0.053927,-1.196,-0.049032,1.0453,-0.030189
-0.089412,0.9603,0.053927,-1.196,-0.049032,1.0453,-0.030189
-0.089412,0.9603,0.053927,-1.196,-0.049032,1.0453,-0.030189
-0.089412,0.9603,0.053927,-1.196,-0.049032,1.0453,-0.030189
-0.089779,0.95929,0.054015,-1.1978,-0.048914,1.0503,-0.030697
-0.072421,0.95975,0.039144,-1.1949,-0.066501,1.0591,-0.015832
-0.072421,0.95975,0.039144,-1.1949,-0.066501,1.0591,-0.015832
-0.072421,0.95975,0.039144,-1.1949,-0.066501,1.0591,-0.015832
-0.071492,0.95962,0.038315,-1.1968,-0.06759,1.0661,-0.015602
-0.071492,0.95962,0.038315,-1.1968,-0.06759,1.0661,-0.015602
-0.071492,0.95962,0.038315,-1.1968,-0.06759,1.0661,-0.015602
-0.071492,0.95962,0.038315,-1.1968,-0.06759,1.0661,-0.015602
-0.071492,0.95962,0.038315,-1.1968,-0.06759,1.0661,-0.015602
-0.071181,0.95856,0.03797,-1.1984,-0.067701,1.0716,-0.015102
-0.071181,0.95856,0.03797,-1.1984,-0.067701,1.0716,-0.015102
-0.071181,0.95856,0.03797,-1.1984,-0.067701,1.0716,-0.015102
-0.071181,0.95856,0.03797,-1.1984,-0.067701,1.0716,-0.015102
-0.070991,0.95746,0.037753,-1.2002,-0.067723,1.0759,-0.014741
-0.070991,0.95746,0.037753,-1.2002,-0.067723,1.0759,-0.014741
-0.070991,0.95746,0.037753,-1.2002,-0.067723,1.0759,-0.014741
-0.070881,0.9565,0.037605,-1.2019,-0.067732,1.079,-0.014506
-0.070881,0.9565,0.037605,-1.2019,-0.067732,1.079,-0.014506
-0.070897,0.95713,0.037539,-1.2025,-0.067756,1.0796,-0.014501
-0.070797,0.95524,0.037479,-1.2037,-0.067744,1.0819,-0.01433
-0.070797,0.95524,0.037479,-1.2037,-0.067744,1.0819,-0.01433
-0.070812,0.95526,0.037431,-1.2044,-0.067752,1.0824,-0.014302
-0.088128,0.95329,0.051901,-1.2063,-0.049865,1.0903,-0.02953
-0.088128,0.95329,0.051901,-1.2063,-0.049865,1.0903,-0.02953
-0.088128,0.95329,0.051901,-1.2063,-0.049865,1.0903,-0.02953
-0.088128,0.95329,0.051901,-1.2063,-0.049865,1.0903,-0.02953
-0.088178,0.95429,0.052038,-1.2073,-0.049639,1.0912,-0.029539
-0.089107,0.95296,0.052275,-1.2084,-0.049038,1.0935,-0.029992
-0.089107,0.95296,0.052275,-1.2084,-0.049038,1.0935,-0.029992
-0.08916,0.95308,0.052399,-1.209,-0.048934,1.0942,-0.030141
-0.089513,0.9518,0.052541,-1.2105,-0.048887,1.0957,-0.030724
-0.089513,0.9518,0.052541,-1.2105,-0.048887,1.0957,-0.030724
-0.089937,0.95055,0.052696,-1.2128,-0.048757,1.0969,-0.031248
-0.089937,0.95055,0.052696,-1.2128,-0.048757,1.0969,-0.031248
-0.0901,0.9496,0.052762,-1.2146,-0.048723,1.0973,-0.031468
-0.090239,0.94869,0.052788,-1.2164,-0.048711,1.0974,-0.031612
-0.090355,0.94779,0.052813,-1.2181,-0.048689,1.0972,-0.031697
-0.090453,0.94688,0.052827,-1.2198,-0.048676,1.0969,-0.031751
-0.090542,0.94595,0.052835,-1.2215,-0.048666,1.0964,-0.031784
-0.090625,0.945,0.052841,-1.2233,-0.048658,1.0959,-0.031805
-0.090707,0.94403,0.052844,-1.2251,-0.048652,1.0953,-0.031817
-0.090787,0.94303,0.052847,-1.227,-0.048646,1.0946,-0.031826
-0.090867,0.94201,0.05285,-1.2289,-0.04864,1.0939,-0.031831
-0.090948,0.94097,0.052852,-1.2308,-0.048634,1.0932,-0.031835
-0.091029,0.93992,0.052855,-1.2328,-0.048629,1.0925,-0.031838
-0.091112,0.93885,0.052858,-1.2348,-0.048623,1.0917,-0.031841
-0.091194,0.93778,0.052862,-1.2368,-0.048617,1.0909,-0.031842
-0.091278,0.93668,0.052865,-1.2388,-0.048612,1.09,-0.031844
-0.091362,0.93558,0.052869,-1.2408,-0.048606,1.0892,-0.031845
-0.091447,0.93447,0.052873,-1.2428,-0.0486,1.0883,-0.031847
-0.091532,0.93336,0.052877,-1.2449,-0.048594,1.0875,-0.031848
-0.091618,0.93224,0.052882,-1.247,-0.048588,1.0866,-0.031849
-0.091704,0.93111,0.052886,-1.2491,-0.048582,1.0857,-0.03185
-0.09179,0.92997,0.052891,-1.2511,-0.048576,1.0847,-0.031851
-0.091877,0.92884,0.052896,-1.2532,-0.04857,1.0838,-0.031852
-0.091964,0.9277,0.052901,-1.2553,-0.048563,1.0829,-0.031854
-0.092051,0.92655,0.052906,-1.2574,-0.048557,1.082,-0.031855
-0.092138,0.92541,0.052911,-1.2595,-0.048551,1.081,-0.031856
-0.092226,0.92426,0.052916,-1.2616,-0.048544,1.0801,-0.031858
-0.092314,0.92311,0.052922,-1.2637,-0.048538,1.0791,-0.03186
-0.092402,0.92196,0.052927,-1.2658,-0.048532,1.0782,-0.031861
-0.09249,0.92081,0.052933,-1.268,-0.048525,1.0772,-0.031863
-0.09233,0.91996,0.052719,-1.2698,-0.048731,1.0813,-0.031767
-0.09233,0.91996,0.052719,-1.2698,-0.048731,1.0813,-0.031767
-0.09233,0.91996,0.052719,-1.2698,-0.048731,1.0813,-0.031767
-0.092304,0.91892,0.052598,-1.2714,-0.048767,1.0843,-0.031655
-0.092304,0.91892,0.052598,-1.2714,-0.048767,1.0843,-0.031655
-0.092304,0.91952,0.052552,-1.2721,-0.048784,1.085,-0.031652
-0.092299,0.91762,0.052497,-1.2733,-0.048799,1.0872,-0.031579
-0.092299,0.91762,0.052497,-1.2733,-0.048799,1.0872,-0.031579
-0.092341,0.91669,0.052454,-1.275,-0.048786,1.0886,-0.031538
-0.092341,0.91669,0.052454,-1.275,-0.048786,1.0886,-0.031538
-0.092417,0.91574,0.052411,-1.2762,-0.048793,1.0889,-0.031524
-0.092489,0.91448,0.052471,-1.2784,-0.048707,1.0892,-0.031531
-0.092524,0.91379,0.052394,-1.2801,-0.048794,1.0895,-0.031548
0.053929,1.2108,0.09316,-0.77851,-0.27745,1.1566,0.19632
0.053929,1.2108,0.09316,-0.77851,-0.27745,1.1566,0.19632
0.029911,1.2092,0.11875,-0.77899,-0.25186,1.1582,0.17355
0.029911,1.2092,0.11875,-0.77899,-0.25186,1.1582,0.17355
0.029911,1.2092,0.11875,-0.77899,-0.25186,1.1582,0.17355
0.029911,1.2092,0.11875,-0.77899,-0.25186,1.1582,0.17355
0.0285,1.2092,0.11929,-0.78055,-0.25072,1.1615,0.17303
0.0285,1.2092,0.11929,-0.78055,-0.25072,1.1615,0.17303
0.0285,1.2092,0.11929,-0.78055,-0.25072,1.1615,0.17303
0.028068,1.2083,0.11917,-0.78193,-0.25075,1.1645,0.1722
0.028068,1.2083,0.11917,-0.78193,-0.25075,1.1645,0.1722
0.027788,1.2087,0.11922,-0.78283,-0.25054,1.1657,0.17206
0.027344,1.2073,0.11945,-0.78368,-0.25026,1.1677,0.17144
0.027344,1.2073,0.11945,-0.78368,-0.25026,1.1677,0.17144
0.027394,1.2067,0.11875,-0.78507,-0.25105,1.1692,0.17094
0.02738,1.2068,0.11877,-0.7852,-0.25101,1.1693,0.17094
0.026962,1.2057,0.1188,-0.7871,-0.25079,1.1708,0.17079
0.026746,1.2052,0.1189,-0.78844,-0.25063,1.1713,0.17068
0.026466,1.2045,0.11889,-0.78992,-0.25058,1.1716,0.17058
0.026214,1.2038,0.11894,-0.79138,-0.25048,1.1716,0.17053
0.025975,1.2031,0.11893,-0.79283,-0.25045,1.1715,0.17049
0.025524,1.202,0.11897,-0.79592,-0.25026,1.1718,0.17048
0.025396,1.201,0.11898,-0.79701,-0.25031,1.171,0.17049
0.025035,1.2002,0.11896,-0.79953,-0.25024,1.1707,0.17057
0.024712,1.1988,0.11896,-0.8024,-0.25019,1.1702,0.17065
0.024442,1.1976,0.11896,-0.80461,-0.25018,1.1692,0.17077
0.024185,1.1965,0.11892,-0.80694,-0.25022,1.1682,0.17087
0.023741,1.1946,0.11896,-0.81083,-0.25002,1.1679,0.1711
0.023741,1.1946,0.11896,-0.81083,-0.25002,1.1679,0.1711
0.023251,1.1928,0.11891,-0.81444,-0.25001,1.1672,0.17116
0.022945,1.1913,0.11895,-0.81734,-0.24996,1.1659,0.17135
0.022665,1.1899,0.11888,-0.82016,-0.25004,1.1645,0.17152
0.022364,1.1884,0.11886,-0.82305,-0.25005,1.1632,0.17172
0.022076,1.187,0.11881,-0.82595,-0.2501,1.1619,0.17191
0.024016,1.1857,0.11639,-0.82801,-0.25298,1.1613,0.17293
0.02363,1.1846,0.1165,-0.83094,-0.25223,1.1601,0.1746
0.023767,1.183,0.11606,-0.83395,-0.25285,1.1588,0.17473
0.023303,1.1815,0.11619,-0.83695,-0.25257,1.1574,0.17516
0.023132,1.18,0.11603,-0.83993,-0.25282,1.156,0.17527
0.022775,1.1785,0.11605,-0.84292,-0.25275,1.1545,0.17555
0.022526,1.177,0.11596,-0.84591,-0.25287,1.153,0.17572
0.022214,1.1755,0.11594,-0.84891,-0.25288,1.1516,0.17596
0.021939,1.174,0.11588,-0.85191,-0.25295,1.1501,0.17616
0.021643,1.1725,0.11584,-0.85491,-0.25299,1.1486,0.17638
0.02136,1.171,0.11579,-0.85791,-0.25305,1.1471,0.17659
0.021069,1.1695,0.11574,-0.8609,-0.2531,1.1456,0.17681
0.020784,1.168,0.11569,-0.8639,-0.25316,1.1441,0.17702
0.020497,1.1665,0.11564,-0.86689,-0.25322,1.1426,0.17724
0.020211,1.165,0.11559,-0.86988,-0.25327,1.1411,0.17745
0.019925,1.1635,0.11554,-0.87287,-0.25333,1.1396,0.17767
0.01964,1.162,0.11549,-0.87585,-0.25339,1.1381,0.17788
0.019355,1.1605,0.11544,-0.87883,-0.25345,1.1366,0.17809
0.019071,1.159,0.11539,-0.8818,-0.25351,1.1351,0.17831
0.018787,1.1575,0.11534,-0.88476,-0.25356,1.1336,0.17852
0.018504,1.156,0.11529,-0.88772,-0.25362,1.1321,0.17873
0.018221,1.1545,0.11524,-0.89068,-0.25368,1.1306,0.17894
0.017939,1.153,0.11518,-0.89362,-0.25374,1.1291,0.17915
0.017657,1.1515,0.11513,-0.89656,-0.2538,1.1276,0.17936
0.017375,1.15,0.11508,-0.89949,-0.25386,1.1261,0.17957
0.017095,1.1486,0.11503,-0.90242,-0.25393,1.1246,0.17977
0.016814,1.1471,0.11498,-0.90533,-0.25399,1.1231,0.17998
0.016535,1.1456,0.11492,-0.90824,-0.25405,1.1216,0.18018
0.016256,1.1442,0.11487,-0.91114,-0.25411,1.1201,0.18038
0.016116,1.1432,0.11478,-0.91274,-0.25434,1.1182,0.18048
0.015689,1.1415,0.11476,-0.91669,-0.2542,1.1174,0.18077
0.015565,1.1404,0.11467,-0.91839,-0.25445,1.1154,0.18084
0.015129,1.1387,0.11467,-0.9223,-0.2543,1.1146,0.18115
0.015015,1.1376,0.11457,-0.92399,-0.25456,1.1127,0.18121
0.014577,1.1359,0.11457,-0.92788,-0.25441,1.1118,0.18152
0.014464,1.1348,0.11447,-0.92958,-0.25468,1.1099,0.18159
0.014027,1.1331,0.11447,-0.93346,-0.25452,1.109,0.18189
0.013914,1.132,0.11437,-0.93516,-0.25479,1.1071,0.18196
0.013479,1.1302,0.11437,-0.93902,-0.25463,1.1062,0.18226
0.013365,1.1292,0.11427,-0.94072,-0.25491,1.1043,0.18233
0.012932,1.1274,0.11426,-0.94456,-0.25475,1.1034,0.18263
0.012817,1.1264,0.11416,-0.94626,-0.25502,1.1015,0.18269
0.012388,1.1247,0.11416,-0.95008,-0.25487,1.1006,0.18299
0.012271,1.1236,0.11406,-0.95179,-0.25514,1.0987,0.18306
0.0094082,1.1221,0.11673,-0.95478,-0.25177,1.0979,0.18209
0.0095673,1.121,0.11627,-0.95656,-0.25306,1.0966,0.18079
0.0087354,1.1201,0.11664,-0.95903,-0.25244,1.0954,0.1809
0.0085919,1.1186,0.11648,-0.9619,-0.25283,1.0944,0.18065
-0.041261,1.2737,0.10311,-0.58704,-0.19968,1.2461,0.046258
-0.041261,1.2737,0.10311,-0.58704,-0.19968,1.2461,0.046258
-0.041261,1.2737,0.10311,-0.58704,-0.19968,1.2461,0.046258
-0.041261,1.2737,0.10311,-0.58704,-0.19968,1.2461,0.046258
-0.041261,1.2737,0.10311,-0.58704,-0.19968,1.2461,0.046258
-0.023508,1.2738,0.081682,-0.58691,-0.22039,1.259,0.063707
-0.023508,1.2738,0.081682,-0.58691,-0.22039,1.259,0.063707
-0.023508,1.2738,0.081682,-0.58691,-0.22039,1.259,0.063707
-0.023508,1.2738,0.081682,-0.58691,-0.22039,1.259,0.063707
-0.023204,1.2735,0.081039,-0.58938,-0.22077,1.2652,0.063638
-0.023204,1.2735,0.081039,-0.58938,-0.22077,1.2652,0.063638
-0.023204,1.2735,0.081039,-0.58938,-0.22077,1.2652,0.063638
-0.023204,1.2735,0.081039,-0.58938,-0.22077,1.2652,0.063638
-0.023204,1.2735,0.081039,-0.58938,-0.22077,1.2652,0.063638
-0.023256,1.2725,0.080913,-0.59134,-0.22056,1.2701,0.063792
-0.023256,1.2725,0.080913,-0.59134,-0.22056,1.2701,0.063792
-0.023256,1.2725,0.080913,-0.59134,-0.22056,1.2701,0.063792
-0.023322,1.2716,0.080883,-0.59292,-0.22033,1.2739,0.063916
-0.023322,1.2716,0.080883,-0.59292,-0.22033,1.2739,0.063916
-0.02347,1.2721,0.080808,-0.59397,-0.22025,1.2754,0.063947
-0.02353,1.272,0.080792,-0.59459,-0.22017,1.2765,0.063976
-0.023454,1.2704,0.080867,-0.59524,-0.22,1.2787,0.064049
-0.023454,1.2704,0.080867,-0.59524,-0.22,1.2787,0.064049
-0.023536,1.2698,0.080857,-0.59655,-0.21988,1.2803,0.064102
-0.023608,1.2691,0.080859,-0.59784,-0.21978,1.2815,0.064167
-0.023687,1.2687,0.080844,-0.59899,-0.21972,1.2822,0.064227
-0.023765,1.2682,0.080837,-0.60024,-0.21967,1.2827,0.064301
-0.023948,1.2672,0.080805,-0.60316,-0.21954,1.2839,0.064483
-0.023939,1.2664,0.080821,-0.60389,-0.21956,1.2832,0.064578
-0.02416,1.2653,0.080775,-0.60729,-0.21943,1.2842,0.064833
-0.024169,1.2645,0.08077,-0.60841,-0.21949,1.2831,0.064956
-0.024369,1.2632,0.080742,-0.6117,-0.21939,1.2835,0.065226
-0.024455,1.2618,0.080717,-0.61423,-0.21938,1.2829,0.065471
-0.024579,1.2606,0.080701,-0.61668,-0.21936,1.2822,0.065704
-0.024693,1.2594,0.080673,-0.61926,-0.21937,1.2815,0.065935
-0.024883,1.2569,0.080674,-0.62382,-0.21918,1.2824,0.066375
-0.024883,1.2569,0.080674,-0.62382,-0.21918,1.2824,0.066375
-0.025067,1.2551,0.08064,-0.62753,-0.21911,1.2823,0.066697
-0.025067,1.2551,0.08064,-0.62753,-0.21911,1.2823,0.066697
-0.025273,1.2531,0.080611,-0.63161,-0.21904,1.2822,0.067038
-0.025273,1.2531,0.080611,-0.63161,-0.21904,1.2822,0.067038
-0.025484,1.2511,0.080581,-0.6359,-0.21896,1.2819,0.067408
-0.025484,1.2511,0.080581,-0.6359,-0.21896,1.2819,0.067408
-0.025701,1.249,0.080548,-0.64039,-0.2189,1.2813,0.0678
-0.025839,1.2471,0.080528,-0.64386,-0.21891,1.2799,0.06817
-0.025839,1.2471,0.080528,-0.64386,-0.21891,1.2799,0.06817
-0.026067,1.245,0.080483,-0.64853,-0.21887,1.2791,0.068558
-0.026215,1.243,0.080465,-0.65223,-0.21889,1.2775,0.068955
-0.026363,1.2412,0.080431,-0.65592,-0.21893,1.2758,0.069324
-0.026516,1.2393,0.0804,-0.65964,-0.21896,1.2741,0.069698
-0.026669,1.2375,0.080368,-0.66338,-0.219,1.2723,0.070074
-0.026822,1.2356,0.080336,-0.66713,-0.21904,1.2705,0.070452
-0.026975,1.2337,0.080303,-0.6709,-0.21908,1.2687,0.070832
-0.027128,1.2318,0.08027,-0.67468,-0.21912,1.2668,0.071213
-0.027281,1.2299,0.080236,-0.67847,-0.21916,1.265,0.071596
-0.027433,1.228,0.080202,-0.68227,-0.21921,1.2631,0.071981
-0.027586,1.2261,0.080167,-0.68608,-0.21925,1.2612,0.072366
-0.027738,1.2242,0.080132,-0.68989,-0.2193,1.2593,0.072753
-0.02789,1.2223,0.080097,-0.69371,-0.21935,1.2574,0.07314
-0.028042,1.2204,0.080061,-0.69753,-0.2194,1.2554,0.073528
-0.028193,1.2185,0.080024,-0.70135,-0.21945,1.2535,0.073917
-0.028344,1.2165,0.079988,-0.70517,-0.2195,1.2515,0.074305
-0.028494,1.2146,0.07995,-0.70898,-0.21956,1.2496,0.074694
-0.028644,1.2127,0.079913,-0.7128,-0.21961,1.2476,0.075083
-0.028793,1.2108,0.079875,-0.71661,-0.21966,1.2456,0.075471
-0.028942,1.2089,0.079836,-0.72041,-0.21972,1.2436,0.075859
-0.02909,1.207,0.079797,-0.72421,-0.21978,1.2416,0.076247
-0.02909,1.207,0.079797,-0.72421,-0.21978,1.2416,0.076247
-0.02932,1.2047,0.079743,-0.72922,-0.21977,1.2402,0.076678
-0.029466,1.2026,0.079715,-0.73317,-0.21982,1.2381,0.077108
-0.029613,1.2006,0.079671,-0.73707,-0.21989,1.236,0.07751
-0.029762,1.1986,0.079629,-0.74096,-0.21995,1.2338,0.077911
-0.02991,1.1967,0.079587,-0.74483,-0.22002,1.2317,0.07831
-0.02991,1.1967,0.079587,-0.74483,-0.22002,1.2317,0.07831
-0.030139,1.1943,0.07953,-0.74991,-0.22002,1.2302,0.078752
-0.030284,1.1922,0.079499,-0.75391,-0.22008,1.228,0.079189
-0.03043,1.1902,0.079452,-0.75785,-0.22016,1.2257,0.079598
-0.03043,1.1902,0.079452,-0.75785,-0.22016,1.2257,0.079598
-0.037174,1.187,0.087406,-0.76088,-0.21225,1.2276,0.072041
-0.037174,1.187,0.087406,-0.76088,-0.21225,1.2276,0.072041
-0.037869,1.1872,0.087553,-0.76237,-0.21225,1.2266,0.071089
-0.038382,1.1861,0.087815,-0.76506,-0.21209,1.2263,0.070421
-0.28804,1.288,0.14351,-0.65898,0.3905,1.3114,-0.35622
-0.28804,1.288,0.14351,-0.65898,0.3905,1.3114,-0.35622
-0.28804,1.288,0.14351,-0.65898,0.3905,1.3114,-0.35622
-0.28804,1.288,0.14351,-0.65898,0.3905,1.3114,-0.35622
-0.28755,1.2867,0.14249,-0.66183,0.38812,1.3203,-0.35639
-0.28755,1.2867,0.14249,-0.66183,0.38812,1.3203,-0.35639
-0.28755,1.2867,0.14249,-0.66183,0.38812,1.3203,-0.35639
-0.28755,1.2867,0.14249,-0.66183,0.38812,1.3203,-0.35639
-0.28755,1.2867,0.14249,-0.66183,0.38812,1.3203,-0.35639
-0.28748,1.2856,0.142,-0.66374,0.38687,1.326,-0.35636
-0.28748,1.2856,0.142,-0.66374,0.38687,1.326,-0.35636
-0.28748,1.2856,0.142,-0.66374,0.38687,1.326,-0.35636
-0.28921,1.2853,0.14242,-0.66531,0.38987,1.3355,-0.34612
-0.28921,1.2853,0.14242,-0.66531,0.38987,1.3355,-0.34612
-0.28921,1.2853,0.14242,-0.66531,0.38987,1.3355,-0.34612
-0.28921,1.2853,0.14242,-0.66531,0.38987,1.3355,-0.34612
-0.28921,1.2853,0.14242,-0.66531,0.38987,1.3355,-0.34612
-0.28921,1.2853,0.14242,-0.66531,0.38987,1.3355,-0.34612
-0.28835,1.284,0.1412,-0.66784,0.38746,1.3424,-0.34604
-0.27451,1.2776,0.12429,-0.66841,0.36872,1.3417,-0.33516
-0.27451,1.2776,0.12429,-0.66841,0.36872,1.3417,-0.33516
-0.27451,1.2776,0.12429,-0.66841,0.36872,1.3417,-0.33516
-0.27367,1.2767,0.12355,-0.66966,0.36756,1.3445,-0.33434
-0.27367,1.2767,0.12355,-0.66966,0.36756,1.3445,-0.33434
-0.27331,1.277,0.1233,-0.67056,0.36712,1.3458,-0.33414
-0.2731,1.2768,0.12311,-0.67111,0.36678,1.3468,-0.33396
-0.27322,1.2751,0.1228,-0.67185,0.3664,1.3488,-0.33332
-0.27322,1.2751,0.1228,-0.67185,0.3664,1.3488,-0.33332
-0.26087,1.2687,0.10785,-0.67555,0.35039,1.3488,-0.32132
-0.26087,1.2687,0.10785,-0.67555,0.35039,1.3488,-0.32132
-0.26005,1.2682,0.10745,-0.67684,0.35004,1.3489,-0.32017
-0.26,1.2674,0.10724,-0.67828,0.34995,1.3491,-0.3195
-0.25956,1.2661,0.10699,-0.68152,0.34946,1.35,-0.31931
-0.25998,1.2651,0.10702,-0.68243,0.34965,1.3492,-0.31944
-0.25976,1.2644,0.107,-0.68485,0.34942,1.3491,-0.31984
-0.26009,1.2628,0.10706,-0.68799,0.34942,1.349,-0.32024
-0.26006,1.2617,0.10699,-0.69007,0.34927,1.348,-0.3207
-0.2603,1.2599,0.10703,-0.69393,0.34916,1.348,-0.32122
-0.26034,1.2584,0.10693,-0.69654,0.34899,1.3469,-0.32174
-0.26062,1.2571,0.10708,-0.69922,0.34917,1.346,-0.32212
-0.26071,1.2557,0.10705,-0.70211,0.34906,1.345,-0.32266
-0.26096,1.2542,0.10715,-0.70501,0.34917,1.344,-0.32311
-0.2611,1.2527,0.10716,-0.70798,0.34913,1.343,-0.32365
-0.26133,1.2512,0.10725,-0.71098,0.34921,1.3419,-0.32415
-0.2615,1.2497,0.10728,-0.71404,0.34921,1.3407,-0.32469
-0.26173,1.2481,0.10736,-0.71713,0.34929,1.3395,-0.32522
-0.26178,1.2452,0.10709,-0.72212,0.3486,1.3396,-0.32614
-0.26178,1.2452,0.10709,-0.72212,0.3486,1.3396,-0.32614
-0.26191,1.2433,0.10705,-0.72597,0.34842,1.3391,-0.32666
-0.26191,1.2433,0.10705,-0.72597,0.34842,1.3391,-0.32666
-0.26209,1.2412,0.10702,-0.73026,0.34822,1.3386,-0.32733
-0.26209,1.2412,0.10702,-0.73026,0.34822,1.3386,-0.32733
-0.26227,1.239,0.107,-0.73472,0.34803,1.338,-0.32802
-0.26227,1.239,0.107,-0.73472,0.34803,1.338,-0.32802
-0.26248,1.2367,0.10698,-0.73932,0.34787,1.3371,-0.32875
-0.2627,1.2348,0.107,-0.74274,0.34788,1.3355,-0.32936
-0.2627,1.2348,0.107,-0.74274,0.34788,1.3355,-0.32936
-0.26298,1.2325,0.1071,-0.7475,0.34787,1.3345,-0.33013
-0.2632,1.2305,0.1071,-0.7511,0.34788,1.3328,-0.33079
-0.2635,1.2287,0.10723,-0.75468,0.34805,1.331,-0.33143
-0.26377,1.2269,0.10733,-0.75829,0.34819,1.3293,-0.33209
-0.26406,1.2251,0.10744,-0.76189,0.34834,1.3275,-0.33275
-0.26434,1.2232,0.10755,-0.76548,0.34848,1.3258,-0.33341
-0.26462,1.2214,0.10766,-0.76906,0.34863,1.324,-0.33407
-0.2649,1.2196,0.10777,-0.77264,0.34878,1.3223,-0.33473
-0.2649,1.2196,0.10777,-0.77264,0.34878,1.3223,-0.33473
-0.26521,1.2172,0.10788,-0.77753,0.34878,1.3211,-0.33554
-0.26546,1.2152,0.10791,-0.7812,0.34883,1.3192,-0.33623
-0.26577,1.2134,0.10805,-0.78484,0.34904,1.3173,-0.33689
-0.26607,1.2115,0.10818,-0.7885,0.34921,1.3154,-0.33758
-0.26637,1.2096,0.1083,-0.79213,0.34939,1.3136,-0.33826
-0.26637,1.2096,0.1083,-0.79213,0.34939,1.3136,-0.33826
-0.26669,1.2073,0.10842,-0.79708,0.34942,1.3123,-0.33909
-0.26696,1.2052,0.10847,-0.80078,0.3495,1.3103,-0.33979
-0.25698,1.1991,0.096562,-0.80436,0.33835,1.3053,-0.32639
-0.256,1.1983,0.09622,-0.80745,0.33818,1.3038,-0.32524
-0.25613,1.1964,0.096226,-0.81114,0.33829,1.3025,-0.32536
-0.25629,1.1946,0.096252,-0.8144,0.33829,1.301,-0.326
-0.25659,1.193,0.096398,-0.81758,0.3385,1.2995,-0.32651
-0.25677,1.1913,0.096459,-0.82083,0.33854,1.298,-0.32711
-0.25704,1.1896,0.096584,-0.82405,0.33871,1.2965,-0.32765
-0.25724,1.188,0.096663,-0.82729,0.33879,1.295,-0.32823
-0.3974,1.3097,0.22527,-0.72723,0.4914,1.3895,-0.44532
-0.3974,1.3097,0.22527,-0.72723,0.4914,1.3895,-0.44532
-0.3974,1.3097,0.22527,-0.72723,0.4914,1.3895,-0.44532
-0.38651,1.3012,0.21061,-0.7296,0.47568,1.3951,-0.42992
-0.38651,1.3012,0.21061,-0.7296,0.47568,1.3951,-0.42992
-0.38651,1.3012,0.21061,-0.7296,0.47568,1.3951,-0.42992
-0.38651,1.3012,0.21061,-0.7296,0.47568,1.3951,-0.42992
-0.38486,1.3001,0.20929,-0.73125,0.47311,1.3995,-0.42928
-0.38486,1.3001,0.20929,-0.73125,0.47311,1.3995,-0.42928
-0.38486,1.3001,0.20929,-0.73125,0.47311,1.3995,-0.42928
-0.38442,1.2986,0.20858,-0.73259,0.47171,1.4035,-0.42846
-0.38442,1.2986,0.20858,-0.73259,0.47171,1.4035,-0.42846
-0.38442,1.2986,0.20858,-0.73259,0.47171,1.4035,-0.42846
-0.38421,1.2974,0.20815,-0.734,0.47078,1.4068,-0.42772
-0.38421,1.2974,0.20815,-0.734,0.47078,1.4068,-0.42772
-0.38375,1.2975,0.20801,-0.73487,0.47032,1.4081,-0.42759
-0.38396,1.296,0.20768,-0.73576,0.46971,1.4103,-0.42711
-0.38396,1.296,0.20768,-0.73576,0.46971,1.4103,-0.42711
-0.3839,1.2951,0.2075,-0.73716,0.46928,1.412,-0.42673
-0.38385,1.2942,0.20735,-0.73845,0.46891,1.4132,-0.42652
-0.38375,1.2936,0.20715,-0.73959,0.46851,1.4139,-0.42646
-0.35888,1.2775,0.17916,-0.74543,0.43787,1.4053,-0.40389
-0.35877,1.2765,0.17905,-0.74827,0.43769,1.4042,-0.40427
-0.35926,1.2748,0.17928,-0.75162,0.43796,1.4032,-0.40484
-0.35941,1.273,0.17922,-0.75493,0.4378,1.4018,-0.4056
-0.3599,1.2714,0.17942,-0.7581,0.4381,1.4006,-0.40616
-0.36008,1.2697,0.17941,-0.76142,0.438,1.3993,-0.40691
-0.36055,1.268,0.17959,-0.76467,0.43826,1.398,-0.40751
-0.36078,1.2662,0.1796,-0.76802,0.43822,1.3966,-0.40825
-0.36122,1.2645,0.17977,-0.7713,0.43845,1.3953,-0.40887
-0.36148,1.2627,0.17981,-0.77467,0.43845,1.3938,-0.40961
-0.36191,1.261,0.17996,-0.77798,0.43865,1.3925,-0.41025
-0.3622,1.2593,0.18001,-0.78136,0.43869,1.391,-0.41098
-0.36261,1.2575,0.18016,-0.78469,0.43888,1.3896,-0.41164
-0.36292,1.2557,0.18023,-0.78806,0.43894,1.3882,-0.41237
-0.36332,1.254,0.18036,-0.79141,0.43912,1.3868,-0.41304
-0.36364,1.2522,0.18044,-0.79478,0.4392,1.3853,-0.41376
-0.36404,1.2505,0.18057,-0.79813,0.43937,1.3839,-0.41444
-0.36437,1.2487,0.18066,-0.8015,0.43947,1.3824,-0.41516
-0.36477,1.2469,0.18079,-0.80484,0.43964,1.381,-0.41584
-0.36511,1.2452,0.18089,-0.8082,0.43975,1.3795,-0.41656
-0.3655,1.2434,0.18102,-0.81154,0.43991,1.378,-0.41724
-0.36585,1.2417,0.18112,-0.81489,0.44003,1.3766,-0.41795
-0.36623,1.2399,0.18124,-0.81821,0.44019,1.3751,-0.41864
-0.36658,1.2382,0.18135,-0.82155,0.44032,1.3736,-0.41935
-0.36696,1.2364,0.18148,-0.82486,0.44048,1.3722,-0.42004
-0.36732,1.2347,0.18159,-0.82817,0.44061,1.3707,-0.42074
-0.3677,1.233,0.18171,-0.83147,0.44077,1.3693,-0.42143
-0.36806,1.2312,0.18182,-0.83476,0.44091,1.3678,-0.42213
-0.36843,1.2295,0.18195,-0.83804,0.44107,1.3664,-0.42282
-0.35648,1.2194,0.1694,-0.84328,0.42441,1.3602,-0.41908
-0.35648,1.2194,0.1694,-0.84328,0.42441,1.3602,-0.41908
-0.356,1.218,0.16945,-0.84853,0.424,1.3575,-0.42071
-0.35666,1.2157,0.16973,-0.85289,0.4245,1.3552,-0.42154
-0.35715,1.2135,0.16991,-0.85702,0.42482,1.3528,-0.42248
-0.35768,1.2113,0.17013,-0.86108,0.4252,1.3505,-0.42336
-0.35818,1.2092,0.17034,-0.86509,0.42556,1.3482,-0.42425
-0.35867,1.2072,0.17054,-0.86902,0.42591,1.346,-0.42511
-0.35916,1.2051,0.17074,-0.8729,0.42625,1.3438,-0.42596
-0.35963,1.2031,0.17094,-0.87672,0.42657,1.3417,-0.4268
-0.33373,1.1846,0.14361,-0.88787,0.39667,1.3277,-0.40265
-0.33373,1.1846,0.14361,-0.88787,0.39667,1.3277,-0.40265
-0.33288,1.1833,0.14333,-0.89217,0.39634,1.3241,-0.40307
-0.33343,1.1811,0.14363,-0.89642,0.39692,1.3215,-0.40379
-0.33387,1.1789,0.14383,-0.90051,0.39726,1.319,-0.40468
-0.33434,1.1768,0.14406,-0.90451,0.39766,1.3166,-0.40552
-0.3205,1.1679,0.12884,-0.90951,0.38391,1.3103,-0.38504
-0.32006,1.1674,0.12873,-0.91113,0.38398,1.3085,-0.38472
-0.32012,1.1659,0.12881,-0.9144,0.38413,1.3076,-0.3848
-0.32025,1.1639,0.12882,-0.91788,0.38403,1.3063,-0.38543
-0.32065,1.1624,0.12901,-0.92058,0.3844,1.3048,-0.38585
-0.32074,1.1608,0.12904,-0.92356,0.38436,1.3035,-0.38647
-0.32114,1.1592,0.12924,-0.92661,0.38467,1.3023,-0.38692
-0.32122,1.1576,0.12926,-0.92952,0.38462,1.3009,-0.38755
-0.32164,1.156,0.12947,-0.93247,0.38498,1.2996,-0.38797
-0.32169,1.1544,0.12947,-0.93539,0.38487,1.2983,-0.38861
-0.32213,1.1528,0.12969,-0.93832,0.38527,1.2971,-0.38901
-0.32216,1.1513,0.12968,-0.9412,0.38513,1.2957,-0.38966
-0.32263,1.1497,0.12992,-0.9441,0.38556,1.2945,-0.39004
-0.32279,1.1486,0.12992,-0.9454,0.38565,1.2931,-0.39042
-0.32284,1.1474,0.13004,-0.94879,0.38563,1.2925,-0.3909
-0.32312,1.1452,0.13013,-0.95257,0.38561,1.2915,-0.39157
